timestamp,acc_x,acc_y,acc_z,rot_x,rot_y,rot_z,qfe,temp
3304511,-0.02,-0.05,1.0,2.5,4.58,3.3,947.13,32.83
3304549,-0.01,-0.05,1.0,2.44,4.15,3.3,947.17,32.84
3304625,-0.02,-0.05,0.96,2.62,4.03,3.3,947.2,32.8
3304663,-0.02,-0.05,0.96,2.56,3.78,3.42,947.2,32.81
3304701,-0.02,-0.05,0.96,2.69,3.72,3.42,947.15,32.81
3304790,-0.02,-0.05,0.97,2.56,3.42,3.3,947.16,32.77
3304829,-0.02,-0.06,0.95,2.38,3.36,3.36,947.2,32.81
3304867,-0.02,-0.05,0.94,2.5,3.42,3.36,947.26,32.81
3304905,-0.02,-0.06,0.94,2.26,3.54,3.23,947.25,32.8
3304943,-0.02,-0.06,0.94,2.14,3.48,3.3,947.28,32.81
3304981,-0.02,-0.06,0.94,2.38,3.05,3.17,947.21,32.81
3305019,-0.02,-0.06,0.93,2.2,3.42,3.23,947.27,32.82
3305069,-0.02,-0.05,0.95,2.38,2.93,3.3,947.31,32.79
3305107,-0.02,-0.06,0.91,2.2,3.42,3.3,947.29,32.81
3305145,-0.02,-0.05,0.98,2.38,3.05,3.11,947.32,32.8
3305184,-0.03,-0.05,0.98,2.08,4.58,3.11,947.32,32.81
3305222,-0.02,-0.05,1.01,2.14,3.97,2.93,947.31,32.81
3305260,-0.01,-0.05,1.03,1.83,4.52,2.93,947.33,32.81
3305298,-0.02,-0.05,1.01,1.65,4.94,2.93,947.3,32.82
3305336,-0.03,-0.05,1.02,1.95,4.7,2.99,947.38,32.82
3305374,-0.02,-0.04,1.02,1.83,4.76,3.11,947.44,32.82
3305412,-0.03,-0.05,1.02,1.77,4.7,3.05,947.38,32.83
3305462,-0.02,-0.05,1.02,2.26,4.7,3.17,947.38,32.81
3305500,-0.02,-0.05,1.02,2.26,4.27,3.11,947.41,32.82
3305538,-0.01,-0.05,1.02,2.08,4.21,3.23,947.45,32.81
3305576,-0.01,-0.05,1.01,2.32,3.36,3.05,947.43,32.82
3305615,-0.01,-0.05,0.99,2.14,3.72,3.05,947.41,32.81
3305653,-0.01,-0.05,1.0,2.2,2.87,3.11,947.43,32.81
3305691,-0.01,-0.06,0.98,1.83,3.05,2.93,947.43,32.82
3305729,-0.0,-0.05,0.96,1.71,2.81,2.99,947.5,32.82
3305767,-0.01,-0.06,0.94,1.59,3.42,2.87,947.49,32.82
3305817,-0.01,-0.06,0.92,1.34,3.48,2.87,947.48,32.8
3305855,-0.01,-0.06,0.94,1.28,3.17,2.62,947.44,32.81
3305893,-0.0,-0.07,0.95,1.16,3.54,2.81,947.44,32.8
3305931,-0.01,-0.06,0.98,0.98,2.81,2.62,947.48,32.81
3305970,-0.01,-0.06,1.0,1.04,3.17,2.5,947.48,32.81
3306008,0.0,-0.06,0.99,0.92,3.6,2.5,947.6,32.83
3306046,-0.01,-0.05,1.0,0.79,3.66,2.26,947.56,32.83
3306084,-0.01,-0.06,0.98,0.73,4.76,2.26,947.56,32.82
3306122,-0.0,-0.05,0.98,0.67,4.7,2.14,947.57,32.83
3306160,-0.01,-0.05,1.01,0.67,4.94,2.01,947.57,32.83
3306210,-0.01,-0.05,1.02,0.49,5.0,1.95,947.58,32.81
3306248,-0.02,-0.05,1.04,0.85,5.31,1.89,947.56,32.81
3306286,-0.01,-0.05,1.06,0.67,5.19,1.77,947.66,32.82
3306324,-0.01,-0.05,1.08,0.67,4.88,2.08,947.61,32.81
3306362,-0.02,-0.05,1.05,0.73,5.19,2.01,947.72,32.83
3306400,-0.01,-0.05,1.07,0.79,3.97,2.01,947.63,32.83
3306439,-0.01,-0.05,1.05,0.79,4.21,2.01,947.68,32.83
3306477,-0.01,-0.05,1.03,0.79,2.87,2.08,947.66,32.83
3306515,-0.03,-0.05,1.06,0.73,2.99,1.95,947.71,32.81
3306553,-0.02,-0.05,1.03,0.73,3.17,2.01,947.7,32.83
3306603,-0.02,-0.05,1.08,0.85,2.75,2.01,947.72,32.83
3306641,-0.03,-0.06,1.04,0.67,3.36,2.2,947.73,32.83
3306679,-0.02,-0.05,1.08,0.85,3.42,2.08,947.73,32.83
3306717,-0.02,-0.05,1.05,0.67,4.58,2.08,947.78,32.83
3306755,-0.02,-0.04,1.06,0.98,4.09,1.95,947.74,32.82
3306793,-0.03,-0.05,1.05,1.04,4.82,1.89,947.77,32.82
3306832,-0.01,-0.05,1.07,0.73,4.76,2.01,947.81,32.83
3306870,-0.02,-0.04,1.09,0.85,4.82,2.01,947.78,32.83
3306908,-0.02,-0.05,1.07,0.73,4.7,1.83,947.74,32.83
3306958,-0.03,-0.05,1.08,0.73,5.0,2.01,947.82,32.84
3306996,-0.02,-0.04,1.09,0.67,4.7,2.08,947.87,32.83
3307034,-0.02,-0.05,1.09,0.79,4.94,2.08,947.82,32.83
3307072,-0.03,-0.05,1.06,0.73,5.0,2.01,947.85,32.83
3307110,-0.02,-0.04,1.08,0.79,4.46,2.08,947.79,32.81
3307148,-0.02,-0.05,1.08,0.85,4.88,2.01,947.87,32.83
3307187,-0.02,-0.05,1.07,0.98,4.09,2.08,947.83,32.83
3307225,-0.03,-0.04,1.08,1.04,4.46,2.08,947.88,32.83
3307263,-0.02,-0.04,1.06,0.98,4.76,2.14,947.88,32.83
3307301,-0.02,-0.04,1.07,0.98,4.15,2.08,947.89,32.84
3307351,-0.02,-0.05,1.06,0.79,4.39,2.14,947.92,32.81
3307389,-0.02,-0.05,1.06,0.92,3.85,2.32,947.92,32.83
3307427,-0.02,-0.04,1.06,0.98,3.91,2.32,947.9,32.82
3307465,-0.03,-0.05,1.04,0.85,3.66,2.26,947.91,32.83
3307503,-0.02,-0.05,1.04,0.85,3.66,2.2,947.92,32.84
3307542,-0.02,-0.04,1.05,0.85,3.6,2.14,947.92,32.83
3307580,-0.02,-0.05,1.05,0.73,3.36,2.26,947.95,32.83
3307618,-0.02,-0.04,1.05,0.61,2.93,2.38,947.99,32.83
3307656,-0.02,-0.04,1.08,0.73,2.87,2.14,947.89,32.83
3307694,-0.02,-0.04,1.07,0.67,3.05,2.26,947.95,32.83
3307822,-0.03,-0.04,1.13,0.92,3.42,2.01,947.97,32.79
3307860,-0.03,-0.04,1.15,0.98,3.91,1.83,947.97,32.8
3307898,-0.03,-0.03,1.14,0.98,4.33,2.01,947.95,32.81
3307988,-0.04,-0.03,1.15,1.04,4.39,1.95,947.95,32.77
3308026,-0.02,-0.04,1.17,1.16,4.46,1.83,948.0,32.8
3308064,-0.02,-0.03,1.16,1.1,4.88,2.01,947.98,32.78
3308102,-0.03,-0.02,1.19,1.16,4.39,1.95,947.96,32.8
3308140,-0.03,-0.03,1.21,1.34,5.31,2.14,948.03,32.81
3308178,-0.04,-0.04,1.2,1.53,5.19,2.14,948.01,32.8
3308228,-0.03,-0.03,1.18,1.65,6.1,2.26,948.02,32.8
3308266,-0.04,-0.02,1.17,2.01,5.13,2.5,947.94,32.8
3308305,-0.03,-0.03,1.15,1.95,5.07,2.38,948.02,32.8
3308343,-0.03,-0.04,1.16,2.14,4.46,2.62,948.02,32.8
3308381,-0.03,-0.05,1.16,2.08,4.76,2.81,947.99,32.81
3308419,-0.03,-0.05,1.14,2.26,4.03,2.99,948.07,32.82
3308457,-0.04,-0.04,1.1,2.26,3.54,3.05,948.07,32.81
3308495,-0.03,-0.04,1.07,1.95,3.78,3.05,948.08,32.82
3308533,-0.02,-0.05,1.02,2.08,3.48,2.93,947.98,32.82
3308572,-0.03,-0.05,1.02,2.01,3.54,3.11,948.05,32.81
3308621,-0.02,-0.05,1.01,1.71,3.17,3.11,948.05,32.81
3308659,-0.03,-0.05,1.0,1.71,2.99,3.23,948.03,32.81
3308698,-0.03,-0.05,1.01,1.34,2.62,3.48,948.07,32.82
3308736,-0.03,-0.06,1.02,1.34,2.32,3.3,948.04,32.81
3308774,-0.02,-0.05,1.02,1.16,1.95,3.36,948.06,32.82
3308812,-0.02,-0.05,1.03,1.16,2.2,3.36,948.04,32.81
3308850,-0.02,-0.05,1.01,0.98,2.08,3.3,948.03,32.82
3308888,-0.02,-0.05,1.04,1.1,1.95,3.36,948.02,32.82
3308926,-0.02,-0.05,1.03,0.85,2.2,3.48,948.04,32.82
3308964,-0.02,-0.04,1.03,0.92,2.14,3.3,948.05,32.83
3309014,-0.02,-0.05,1.03,0.98,2.32,3.23,948.06,32.81
3309052,-0.01,-0.05,1.02,0.92,2.44,3.23,948.07,32.83
3309090,-0.02,-0.04,1.04,1.1,2.5,3.3,947.98,32.81
3309129,-0.03,-0.05,1.01,1.1,3.42,3.23,948.02,32.82
3309167,-0.03,-0.04,1.03,1.4,3.36,3.36,948.01,32.81
3309205,-0.02,-0.05,1.03,1.4,3.91,3.23,948.1,32.82
3309243,-0.02,-0.05,1.02,1.53,3.97,3.11,948.05,32.82
3309281,-0.01,-0.05,1.02,1.71,3.91,3.17,948.04,32.83
3309319,-0.02,-0.05,1.0,1.53,4.21,3.17,948.06,32.83
3309369,-0.02,-0.05,0.99,1.65,4.03,3.23,948.03,32.82
3309407,-0.02,-0.05,0.98,1.4,4.46,3.23,948.02,32.81
3309445,-0.02,-0.05,0.98,1.65,4.03,3.23,948.03,32.82
3309483,-0.02,-0.05,0.98,1.53,3.78,3.3,948.0,32.81
3309521,-0.02,-0.05,0.99,1.83,4.03,3.36,948.12,32.83
3309560,-0.02,-0.05,1.0,1.71,3.6,3.42,948.07,32.83
3309598,-0.02,-0.04,1.0,1.77,3.72,3.42,948.03,32.83
3309636,-0.02,-0.04,1.01,2.01,3.6,3.54,948.07,32.82
3309674,-0.02,-0.04,1.01,1.89,3.72,3.36,948.07,32.83
3309712,-0.02,-0.04,1.0,1.83,4.03,3.42,948.03,32.83
3309762,-0.01,-0.04,1.0,1.83,3.91,3.48,948.02,32.81
3309800,-0.01,-0.04,1.0,1.65,3.72,3.42,948.05,32.82
3309838,-0.02,-0.04,0.99,1.89,4.21,3.42,948.02,32.82
3309876,-0.01,-0.04,0.99,1.89,3.66,3.48,948.04,32.82
3309914,-0.02,-0.04,0.99,2.2,3.78,3.48,948.04,32.83
3309953,-0.0,-0.04,0.99,2.26,3.66,3.3,947.98,32.83
3309991,-0.01,-0.04,1.0,2.38,3.6,3.36,948.01,32.83
3310029,-0.01,-0.04,0.99,2.44,3.72,3.3,948.06,32.82
3310067,-0.0,-0.04,1.0,2.44,3.54,3.23,948.02,32.83
3310117,-0.02,-0.04,0.98,2.56,3.78,3.36,947.99,32.81
3310155,-0.01,-0.04,0.99,2.81,3.05,3.42,947.99,32.81
3310193,-0.01,-0.04,0.99,2.87,3.3,3.3,948.03,32.82
3310231,-0.02,-0.04,0.97,2.75,3.54,3.42,948.0,32.82
3310269,-0.01,-0.04,0.95,2.81,3.36,3.3,947.97,32.81
3310307,-0.02,-0.03,0.95,2.93,3.23,3.42,948.01,32.81
3310346,-0.02,-0.03,0.94,2.87,3.17,3.54,948.01,32.82
3310384,-0.01,-0.04,0.97,2.81,3.11,3.48,948.05,32.83
3310422,0.0,-0.04,1.0,2.93,3.23,3.17,948.04,32.83
3310460,-0.01,-0.04,0.98,2.93,3.3,3.23,948.01,32.83
3310510,-0.01,-0.04,0.97,2.99,2.93,3.11,948.03,32.81
3310548,-0.01,-0.04,0.95,2.87,3.66,2.99,948.0,32.83
3310586,-0.01,-0.04,0.94,2.81,3.36,3.17,948.0,32.81
3310624,-0.0,-0.04,0.95,3.36,2.75,3.17,948.03,32.83
3310662,-0.0,-0.04,0.94,3.42,3.36,2.99,948.02,32.82
3310700,-0.01,-0.04,0.93,3.85,2.81,2.93,948.04,32.83
3310738,-0.01,-0.04,0.96,4.21,3.05,2.99,948.05,32.83
3310777,-0.02,-0.05,0.92,4.27,3.66,2.93,948.04,32.83
3310815,-0.01,-0.04,0.93,4.46,3.11,2.81,948.05,32.82
3310853,-0.01,-0.04,0.91,4.46,3.78,2.87,948.06,32.83
3310929,-0.0,-0.05,0.89,4.39,2.99,2.93,948.02,32.8
3310967,-0.01,-0.05,0.86,4.09,2.62,2.93,948.05,32.81
3311005,-0.02,-0.04,0.91,4.58,1.71,3.11,948.07,32.82
3311094,-0.02,-0.04,0.86,4.27,1.71,3.23,948.08,32.79
3311133,-0.02,-0.05,0.85,4.03,2.44,3.11,948.07,32.8
3311171,-0.01,-0.05,0.85,3.66,2.99,3.05,948.0,32.8
3311209,-0.02,-0.04,0.88,4.09,2.81,2.99,948.01,32.81
3311247,-0.0,-0.05,0.86,3.66,3.36,3.17,948.06,32.81
3311285,-0.02,-0.04,0.9,3.85,3.97,2.99,948.06,32.81
3311335,-0.01,-0.05,0.9,3.72,4.7,3.17,948.06,32.8
3311373,-0.03,-0.04,0.89,3.54,4.82,2.93,948.07,32.82
3311411,-0.02,-0.04,0.86,3.3,5.25,3.05,948.04,32.81
3311449,-0.01,-0.04,0.9,3.3,5.25,2.93,948.08,32.82
3311487,-0.01,-0.04,0.88,2.87,5.86,3.17,948.08,32.82
3311525,-0.02,-0.04,0.92,2.99,5.07,3.11,948.12,32.81
3311563,-0.02,-0.04,0.9,2.62,6.1,3.3,948.09,32.81
3311602,-0.01,-0.03,0.91,2.56,5.86,3.23,948.16,32.81
3311640,-0.02,-0.03,0.92,2.38,5.74,3.42,948.13,32.82
3311678,-0.01,-0.04,0.93,2.14,5.25,3.48,948.07,32.81
3311728,-0.01,-0.03,0.94,2.2,5.0,3.42,948.17,32.81
3311766,-0.01,-0.03,0.95,2.32,4.64,3.78,948.16,32.81
3311804,-0.02,-0.04,0.96,2.5,4.39,3.78,948.19,32.82
3311842,-0.02,-0.03,0.96,2.44,4.21,3.66,948.16,32.83
3311880,-0.01,-0.03,0.98,2.5,4.27,3.66,948.15,32.83
3311918,-0.01,-0.03,0.98,2.56,4.33,3.72,948.2,32.83
3311957,-0.02,-0.03,1.0,2.81,3.78,3.72,948.09,32.82
3311995,-0.02,-0.03,0.97,2.75,4.76,3.66,948.16,32.82
3312033,-0.01,-0.03,0.98,2.81,4.64,3.42,948.08,32.82
3312071,-0.02,-0.02,0.97,2.87,4.94,3.54,948.09,32.83
3312121,-0.01,-0.03,0.95,2.5,5.92,3.48,948.12,32.82
3312159,-0.02,-0.03,0.98,2.69,5.55,3.48,948.19,32.83
3312197,-0.01,-0.03,0.98,2.44,5.74,3.6,948.19,32.83
3312235,-0.01,-0.03,0.98,2.44,5.07,3.6,948.1,32.81
3312273,-0.01,-0.03,0.98,2.44,5.68,3.48,948.2,32.83
3312312,0.0,-0.02,1.0,2.5,5.62,3.3,948.17,32.82
3312350,-0.01,-0.03,0.98,2.38,6.35,3.42,948.24,32.84
3312388,-0.0,-0.03,0.98,2.44,5.74,3.17,948.16,32.83
3312426,-0.01,-0.03,1.0,2.38,6.16,2.93,948.21,32.82
3312476,-0.01,-0.03,0.98,2.38,6.29,2.99,948.21,32.81
3312514,-0.01,-0.02,1.02,2.5,6.04,2.87,948.18,32.82
3312552,-0.0,-0.03,0.99,2.69,6.16,2.93,948.22,32.83
3312590,-0.01,-0.02,1.0,2.81,5.49,2.93,948.18,32.81
3312628,-0.01,-0.02,0.99,2.99,5.92,2.81,948.23,32.82
3312667,0.01,-0.03,0.98,2.93,5.25,2.87,948.25,32.84
3312705,0.0,-0.03,0.99,3.17,4.09,2.87,948.23,32.81
3312743,-0.01,-0.04,0.93,3.05,4.27,2.99,948.31,32.83
3312781,0.0,-0.03,0.94,3.6,3.05,2.87,948.27,32.83
3312819,-0.0,-0.03,0.91,3.36,3.11,2.87,948.26,32.83
3312869,-0.01,-0.03,0.93,3.72,2.99,2.81,948.22,32.82
3312907,-0.01,-0.04,0.93,3.3,4.58,2.56,948.21,32.82
3312945,-0.01,-0.03,0.99,3.6,4.27,2.56,948.25,32.81
3312983,-0.0,-0.03,0.98,3.11,5.43,2.38,948.24,32.84
3313021,-0.01,-0.02,0.99,3.17,5.74,2.2,948.26,32.83
3313059,0.0,-0.03,0.98,3.05,6.84,2.08,948.31,32.84
3313098,0.01,-0.02,0.99,2.69,6.59,1.95,948.21,32.83
3313136,-0.01,-0.02,1.0,2.56,6.47,1.95,948.25,32.83
3313174,-0.01,-0.03,1.0,2.44,6.65,2.01,948.28,32.83
3313212,0.01,-0.03,1.0,2.32,7.14,1.59,948.25,32.83
3313262,-0.01,-0.02,1.0,2.5,6.71,1.77,948.32,32.82
3313300,-0.01,-0.04,0.99,2.44,7.08,1.89,948.31,32.83
3313338,-0.01,-0.04,0.97,2.5,6.59,1.59,948.33,32.81
3313376,-0.01,-0.03,0.96,2.75,5.92,1.77,948.35,32.83
3313414,-0.01,-0.03,0.91,2.69,6.1,1.83,948.37,32.82
3313453,-0.01,-0.04,0.9,2.87,5.43,1.89,948.35,32.83
3313491,-0.0,-0.04,0.88,2.87,5.0,1.83,948.38,32.83
3313529,-0.01,-0.05,0.87,2.93,4.76,1.59,948.34,32.83
3313567,-0.01,-0.04,0.86,2.69,4.46,1.83,948.31,32.83
3313605,-0.01,-0.04,0.89,2.5,3.78,1.89,948.39,32.83
3313655,-0.01,-0.04,0.88,2.08,3.48,1.71,948.35,32.81
3313693,-0.01,-0.04,0.91,1.77,3.05,1.34,948.45,32.83
3313731,-0.01,-0.04,0.93,1.83,2.99,1.46,948.43,32.83
3313770,-0.0,-0.04,0.92,1.59,3.17,1.59,948.38,32.83
3313808,-0.0,-0.03,0.95,1.46,2.44,1.4,948.4,32.83
3313846,-0.01,-0.03,0.97,1.59,2.69,1.34,948.44,32.83
3313884,-0.0,-0.04,0.95,1.4,2.81,1.22,948.46,32.83
3313922,-0.01,-0.03,0.99,1.46,2.14,1.16,948.38,32.82
3313960,0.0,-0.03,0.99,1.65,2.75,0.98,948.36,32.82
3314036,-0.0,-0.03,1.01,1.95,2.56,0.92,948.42,32.81
3314074,-0.0,-0.04,0.98,1.77,2.56,0.98,948.41,32.81
3314112,-0.0,-0.03,0.97,1.83,2.14,0.79,948.42,32.82
3314202,-0.0,-0.03,1.0,2.01,1.71,0.49,948.42,32.78
3314240,0.0,-0.04,1.0,2.01,2.2,0.49,948.44,32.81
3314278,-0.0,-0.03,1.02,2.32,2.5,0.12,948.46,32.8
3314316,0.0,-0.04,1.0,2.01,3.3,0.12,948.44,32.81
3314354,0.0,-0.03,1.01,1.95,3.17,-0.12,948.43,32.81
3314392,-0.01,-0.03,1.0,1.95,3.97,-0.18,948.46,32.81
3314430,0.0,-0.03,0.99,1.53,4.27,-0.18,948.5,32.81
3314480,-0.0,-0.03,1.0,1.46,4.03,-0.31,948.5,32.8
3314518,-0.01,-0.03,1.0,1.34,4.58,-0.43,948.51,32.81
3314556,0.0,-0.03,1.04,1.1,4.33,-0.61,948.51,32.81
3314595,0.01,-0.03,1.04,0.79,4.52,-0.55,948.45,32.8
3314633,-0.01,-0.03,1.02,0.55,4.15,-0.61,948.6,32.83
3314671,-0.0,-0.04,1.01,0.61,3.97,-0.73,948.55,32.83
3314709,-0.0,-0.03,1.03,0.43,3.85,-0.73,948.47,32.81
3314747,-0.0,-0.02,1.03,0.61,2.93,-0.79,948.55,32.81
3314785,-0.01,-0.03,1.04,0.61,2.44,-0.61,948.53,32.81
3314835,0.0,-0.03,1.05,0.43,2.2,-0.79,948.55,32.81
3314873,-0.01,-0.02,1.1,0.43,1.53,-0.92,948.58,32.82
3314911,-0.0,-0.03,1.11,0.43,2.2,-1.1,948.59,32.82
3314949,-0.01,-0.02,1.12,0.49,2.38,-1.22,948.66,32.84
3314987,-0.01,-0.02,1.15,0.73,2.62,-1.28,948.63,32.82
3315025,-0.01,-0.02,1.11,0.43,2.87,-1.28,948.6,32.83
3315064,-0.02,-0.01,1.16,0.98,0.92,-1.34,948.63,32.82
3315102,-0.02,-0.03,1.09,0.67,2.38,-1.34,948.63,32.83
3315140,-0.01,-0.01,1.14,0.85,1.28,-1.59,948.64,32.82
3315178,-0.01,-0.03,1.11,0.85,2.2,-1.59,948.57,32.81
3315228,-0.04,-0.02,1.12,1.04,0.49,-1.46,948.57,32.8
3315266,-0.01,-0.03,1.13,1.46,1.89,-1.59,948.69,32.81
3315304,-0.01,-0.04,1.04,1.16,2.08,-1.65,948.69,32.82
3315342,-0.03,-0.03,1.07,1.65,0.73,-1.83,948.69,32.82
3315380,-0.03,-0.05,1.01,1.59,1.83,-1.71,948.7,32.81
3315418,-0.03,-0.04,1.02,1.59,1.22,-1.89,948.71,32.83
3315457,-0.03,-0.03,1.04,1.83,1.71,-1.71,948.71,32.82
3315495,-0.05,-0.04,1.01,1.77,1.77,-1.77,948.66,32.83
3315533,-0.05,-0.04,1.04,1.65,1.71,-1.77,948.72,32.83
3315583,-0.04,-0.04,1.06,1.46,2.26,-1.65,948.68,32.81
3315621,-0.04,-0.04,1.06,1.46,2.26,-1.46,948.71,32.83
3315659,-0.05,-0.03,1.04,1.34,2.81,-1.46,948.76,32.83
3315697,-0.05,-0.03,1.06,1.59,3.54,-1.59,948.68,32.82
3315735,-0.05,-0.04,1.06,1.53,4.21,-1.34,948.65,32.82
3315774,-0.06,-0.03,1.06,1.77,3.97,-1.28,948.67,32.82
3315812,-0.07,-0.03,1.06,1.53,4.7,-1.1,948.7,32.83
3315850,-0.06,-0.03,1.07,1.59,4.88,-0.92,948.72,32.83
3315888,-0.05,-0.03,1.08,1.71,4.76,-0.92,948.74,32.83
3315926,-0.06,-0.03,1.05,1.65,4.88,-0.61,948.71,32.83
3315976,-0.07,-0.03,1.04,1.65,5.37,-0.24,948.76,32.82
3316014,-0.06,-0.03,1.05,1.83,4.88,-0.12,948.73,32.84
3316052,-0.06,-0.04,1.03,1.65,5.13,-0.12,948.68,32.83
3316091,-0.03,-0.04,1.04,1.65,4.7,0.18,948.73,32.83
3316129,-0.06,-0.04,1.03,1.53,5.31,0.37,948.67,32.83
3316167,-0.06,-0.03,1.03,1.53,5.19,0.55,948.76,32.83
3316205,-0.06,-0.03,1.04,1.71,5.13,0.67,948.74,32.83
3316243,-0.06,-0.04,1.04,1.46,5.37,1.04,948.69,32.82
3316281,-0.06,-0.03,1.05,1.53,5.37,1.28,948.72,32.83
3316319,-0.05,-0.03,1.04,1.46,5.62,1.34,948.66,32.82
3316369,-0.06,-0.03,1.06,1.65,5.13,1.71,948.72,32.81
3316407,-0.06,-0.03,1.05,1.4,5.43,1.89,948.69,32.83
3316445,-0.07,-0.03,1.06,1.59,4.88,2.14,948.71,32.83
3316484,-0.06,-0.03,1.05,1.28,5.37,2.2,948.68,32.83
3316522,-0.06,-0.03,1.06,1.28,5.07,2.44,948.73,32.83
3316560,-0.06,-0.03,1.06,1.4,5.25,2.62,948.72,32.82
3316598,-0.05,-0.03,1.06,1.34,4.94,2.87,948.75,32.83
3316636,-0.05,-0.04,1.06,1.34,4.82,2.99,948.72,32.83
3316675,-0.05,-0.04,1.04,1.53,4.33,3.23,948.75,32.82
3316725,-0.06,-0.03,1.03,1.77,4.03,3.36,948.79,32.82
3316763,-0.04,-0.04,1.02,1.77,3.78,3.54,948.79,32.83
3316801,-0.05,-0.03,1.02,1.89,3.78,3.54,948.77,32.83
3316839,-0.04,-0.04,1.01,1.89,3.91,3.66,948.8,32.83
3316877,-0.05,-0.04,1.01,1.83,3.85,3.91,948.86,32.82
3316915,-0.05,-0.04,1.02,1.71,4.09,4.03,948.79,32.82
3316953,-0.05,-0.04,1.03,1.95,3.85,4.15,948.73,32.83
3316992,-0.04,-0.04,1.02,1.65,3.97,4.03,948.77,32.83
3317030,-0.04,-0.03,1.01,1.28,3.3,4.33,948.74,32.82
3317068,-0.04,-0.03,1.03,1.22,3.72,4.39,948.81,32.82
3317144,-0.04,-0.03,1.03,1.53,3.3,4.58,948.76,32.81
3317182,-0.04,-0.04,1.01,1.16,3.78,4.7,948.76,32.81
3317220,-0.03,-0.04,1.02,1.22,3.42,4.39,948.78,32.8
3317309,-0.03,-0.03,1.03,1.1,2.81,4.82,948.75,32.78
3317348,-0.03,-0.04,1.02,0.92,2.81,4.76,948.72,32.8
3317386,-0.03,-0.04,1.03,0.92,1.89,4.82,948.79,32.81
3317424,-0.04,-0.04,1.04,0.79,2.14,4.88,948.75,32.81
3317462,-0.03,-0.04,1.01,0.61,2.08,4.94,948.8,32.81
3317500,-0.03,-0.03,1.06,1.04,1.83,4.88,948.78,32.81
3317538,-0.03,-0.04,1.01,0.85,2.2,4.94,948.82,32.81
3317588,-0.02,-0.04,1.05,1.34,1.77,4.82,948.81,32.8
3317626,-0.02,-0.04,1.03,1.28,2.08,4.76,948.75,32.8
3317664,-0.03,-0.03,1.05,1.4,1.46,4.82,948.8,32.82
3317702,-0.02,-0.04,1.03,1.4,1.46,5.0,948.77,32.81
3317741,-0.03,-0.03,1.03,1.46,1.16,4.76,948.79,32.81
3317779,-0.02,-0.04,1.0,1.46,2.01,4.82,948.78,32.82
3317817,-0.02,-0.04,0.99,1.89,1.53,4.64,948.76,32.82
3317855,-0.02,-0.03,1.01,1.77,1.77,4.52,948.76,32.83
3317893,-0.02,-0.04,0.98,1.53,1.65,4.52,948.77,32.82
3317943,-0.01,-0.04,1.01,1.65,1.83,4.46,948.7,32.8
3317981,-0.02,-0.04,0.99,1.46,2.14,4.39,948.75,32.81
3318019,-0.03,-0.04,1.0,1.65,2.01,4.33,948.72,32.82
3318057,-0.02,-0.04,1.01,1.77,2.44,4.15,948.8,32.82
3318095,-0.01,-0.03,1.02,1.89,2.5,4.33,948.82,32.82
3318133,-0.01,-0.04,1.0,1.77,2.56,4.27,948.76,32.81
3318172,-0.02,-0.04,1.01,2.08,2.44,3.97,948.81,32.81
3318210,-0.02,-0.04,0.98,2.14,2.62,4.27,948.75,32.83
3318248,-0.01,-0.04,0.98,2.26,2.5,4.21,948.79,32.82
3318286,-0.02,-0.04,0.98,2.14,2.14,4.09,948.72,32.82
3318336,-0.02,-0.04,1.0,2.26,2.08,4.03,948.74,32.81
3318374,-0.02,-0.04,0.99,1.83,2.26,4.09,948.76,32.82
3318412,-0.02,-0.04,1.0,2.01,2.01,4.09,948.71,32.81
3318450,-0.02,-0.04,1.0,2.08,2.44,4.09,948.75,32.82
3318488,-0.02,-0.04,0.99,1.95,2.69,4.09,948.76,32.82
3318526,-0.01,-0.04,0.98,2.08,2.75,4.09,948.72,32.82
3318564,-0.02,-0.04,0.94,2.01,2.99,3.97,948.74,32.83
3318602,-0.02,-0.04,0.95,2.08,2.69,3.78,948.74,32.82
3318641,-0.01,-0.04,0.94,2.01,3.17,3.85,948.82,32.82
3318690,-0.02,-0.04,0.96,2.26,2.93,3.78,948.81,32.83
3318729,-0.02,-0.04,0.96,2.2,3.42,3.78,948.82,32.83
3318767,-0.01,-0.04,0.96,2.01,3.42,3.85,948.73,32.83
3318805,-0.02,-0.04,0.96,2.01,3.17,3.78,948.76,32.82
3318843,-0.03,-0.04,0.95,2.14,3.97,3.91,948.77,32.82
3318881,-0.01,-0.04,0.92,1.95,3.72,4.03,948.77,32.82
3318919,-0.01,-0.03,0.94,1.89,3.3,3.85,948.79,32.84
3318958,-0.02,-0.05,0.92,1.71,4.09,4.03,948.72,32.84
3318996,-0.02,-0.05,0.92,1.95,4.03,3.91,948.75,32.82
3319034,-0.02,-0.04,0.92,1.83,4.27,3.78,948.78,32.83
3319084,-0.02,-0.04,0.91,1.89,4.39,4.09,948.7,32.82
3319122,-0.02,-0.04,0.93,1.83,4.82,3.97,948.76,32.82
3319160,-0.02,-0.05,0.9,1.77,4.88,4.21,948.77,32.82
3319198,-0.02,-0.04,0.88,1.95,4.52,4.03,948.71,32.81
3319236,-0.02,-0.05,0.89,1.89,4.33,4.27,948.83,32.84
3319274,-0.02,-0.06,0.84,1.77,4.52,4.09,948.77,32.82
3319312,-0.02,-0.05,0.82,1.77,4.76,4.15,948.75,32.83
3319351,-0.02,-0.05,0.83,2.01,5.19,4.15,948.78,32.82
3319389,-0.0,-0.06,0.77,1.77,5.8,3.97,948.83,32.83
3319427,-0.02,-0.04,0.84,2.08,3.97,4.09,948.79,32.84
3319477,-0.02,-0.06,0.8,1.65,5.13,4.39,948.76,32.81
3319515,-0.02,-0.05,0.84,1.53,4.09,4.21,948.78,32.82
3319553,-0.01,-0.05,0.87,1.4,4.27,4.39,948.7,32.82
3319591,-0.02,-0.06,0.83,1.28,4.33,4.46,948.85,32.83
3319629,-0.01,-0.05,0.83,1.28,3.97,4.39,948.81,32.83
3319667,-0.0,-0.06,0.83,1.4,4.39,4.27,948.76,32.84
3319705,-0.01,-0.06,0.84,1.4,4.27,4.39,948.82,32.83
3319744,-0.01,-0.05,0.84,1.4,3.91,4.46,948.8,32.82
3319782,-0.02,-0.05,0.87,1.46,4.27,4.39,948.76,32.82
3319831,-0.0,-0.05,0.9,1.22,4.27,4.33,948.84,32.82
3319870,-0.0,-0.05,0.93,1.34,3.72,4.46,948.79,32.83
3319908,-0.01,-0.05,0.96,1.04,4.09,4.58,948.8,32.83
3319946,-0.01,-0.04,0.96,1.1,3.6,4.7,948.79,32.83
3319984,-0.01,-0.03,0.95,0.73,3.72,4.52,948.79,32.81
3320022,0.01,-0.04,0.98,0.98,3.66,4.7,948.78,32.82
3320060,0.01,-0.06,0.96,0.49,2.93,4.64,948.81,32.82
3320098,-0.02,-0.03,0.97,0.73,2.5,4.7,948.78,32.82
3320136,0.0,-0.05,0.98,0.92,2.62,4.82,948.79,32.82
3320175,0.02,-0.05,0.98,1.28,2.32,4.58,948.74,32.82
3320250,-0.01,-0.03,0.97,1.83,2.56,4.46,948.76,32.81
3320288,0.01,-0.05,0.97,1.65,3.17,4.03,948.77,32.81
3320327,0.02,-0.04,0.99,1.53,2.38,3.97,948.79,32.81
3320417,0.02,-0.05,1.0,1.4,4.76,3.23,948.75,32.78
3320456,0.0,-0.03,1.05,1.65,4.94,3.11,948.79,32.8
3320494,-0.01,-0.04,1.0,1.46,6.84,3.05,948.84,32.79
3320532,0.0,-0.04,1.0,1.65,7.2,2.87,948.86,32.82
3320570,-0.01,-0.04,1.03,2.2,6.96,2.56,948.78,32.79
3320608,-0.02,-0.05,0.99,1.95,8.54,2.62,948.87,32.81
3320646,0.01,-0.03,0.98,2.62,7.26,2.69,948.85,32.81
3320696,-0.0,-0.04,0.95,2.62,8.06,2.56,948.83,32.8
3320734,-0.0,-0.05,0.94,2.5,7.02,2.56,948.78,32.8
3320772,-0.01,-0.05,0.94,2.2,7.39,2.56,948.83,32.81
3320810,-0.0,-0.06,0.93,1.89,6.59,2.2,948.84,32.81
3320848,0.01,-0.04,0.96,1.77,6.23,1.95,948.87,32.82
3320887,-0.01,-0.05,0.9,1.59,7.39,2.14,948.85,32.82
3320925,0.0,-0.05,0.9,1.71,6.9,2.26,948.88,32.83
3320963,-0.0,-0.05,0.88,1.53,7.81,1.71,948.86,32.81
3321001,-0.01,-0.05,0.88,1.53,7.57,1.65,948.89,32.82
3321039,0.01,-0.05,0.9,1.65,7.32,1.59,948.86,32.83
3321089,0.0,-0.05,0.91,1.28,7.2,1.34,948.87,32.8
3321127,0.01,-0.04,0.96,1.34,6.53,1.34,948.9,32.81
3321165,0.02,-0.05,0.96,1.16,6.41,1.34,948.91,32.81
3321203,0.01,-0.05,0.98,1.22,4.94,1.04,948.93,32.83
3321241,-0.01,-0.04,0.98,1.16,4.39,1.1,948.89,32.83
3321279,-0.0,-0.04,0.98,1.04,3.85,1.04,948.97,32.83
3321318,0.01,-0.04,0.99,0.92,3.72,0.73,948.91,32.82
3321356,0.01,-0.03,1.01,0.85,3.54,0.43,948.96,32.83
3321394,-0.0,-0.04,1.02,1.28,3.54,0.37,948.95,32.82
3321444,0.0,-0.05,1.0,1.1,3.97,0.18,948.91,32.81
3321482,-0.01,-0.04,1.03,1.28,3.3,-0.06,949.0,32.81
3321520,-0.0,-0.04,1.0,1.34,3.54,0.06,949.04,32.82
3321558,0.0,-0.04,0.97,1.46,2.93,-0.24,949.02,32.82
3321596,-0.01,-0.04,0.95,1.77,2.99,-0.31,949.01,32.82
3321634,-0.01,-0.04,0.93,1.83,2.5,-0.24,948.98,32.82
3321672,0.0,-0.05,0.94,1.83,2.69,-0.31,949.07,32.82
3321711,-0.01,-0.05,0.91,1.89,2.62,-0.37,949.07,32.83
3321749,-0.01,-0.04,0.93,2.2,2.14,-0.55,949.01,32.81
3321787,-0.01,-0.05,0.89,2.26,2.32,-0.55,949.03,32.83
3321837,-0.01,-0.04,0.89,2.32,1.34,-0.67,949.0,32.82
3321875,-0.02,-0.05,0.89,2.26,2.01,-0.61,949.01,32.81
3321913,-0.01,-0.05,0.9,2.2,1.71,-0.67,949.06,32.81
3321951,-0.01,-0.05,0.91,2.44,2.08,-0.79,949.08,32.82
3321989,-0.02,-0.04,0.91,2.5,2.01,-0.92,949.03,32.81
3322027,-0.02,-0.04,0.9,2.38,1.77,-0.92,949.07,32.82
3322065,-0.01,-0.04,0.89,2.44,1.83,-0.92,949.11,32.82
3322104,-0.02,-0.04,0.88,2.5,1.34,-1.1,949.14,32.83
3322142,-0.01,-0.05,0.87,2.38,1.77,-0.98,949.12,32.83
3322180,-0.01,-0.04,0.89,2.5,1.71,-1.28,949.11,32.83
3322230,-0.02,-0.04,0.88,2.08,2.32,-1.16,949.11,32.81
3322268,-0.02,-0.04,0.89,2.32,1.71,-1.22,949.11,32.81
3322306,-0.02,-0.04,0.9,2.32,2.14,-1.22,949.16,32.82
3322344,-0.02,-0.04,0.89,2.14,2.26,-1.34,949.14,32.83
3322382,-0.02,-0.03,0.94,2.32,2.08,-1.4,949.17,32.81
3322420,-0.02,-0.04,0.92,2.26,2.62,-1.22,949.19,32.83
3322458,-0.02,-0.04,0.95,2.38,2.56,-1.22,949.25,32.83
3322497,-0.03,-0.03,0.94,2.5,3.3,-1.28,949.21,32.82
3322535,-0.03,-0.03,0.96,2.75,3.11,-1.4,949.24,32.83
3322585,-0.03,-0.03,0.95,2.87,4.09,-1.28,949.21,32.8
3322623,-0.03,-0.03,0.97,2.99,4.52,-1.4,949.21,32.82
3322661,-0.03,-0.03,0.97,3.05,4.64,-1.34,949.25,32.82
3322699,-0.04,-0.03,0.97,3.11,5.0,-1.4,949.3,32.83
3322737,-0.03,-0.03,0.97,3.36,5.31,-1.22,949.22,32.82
3322775,-0.04,-0.02,0.95,3.05,5.68,-1.28,949.29,32.81
3322813,-0.05,-0.02,0.95,3.17,6.04,-1.34,949.26,32.83
3322851,-0.04,-0.03,0.97,3.17,6.04,-1.16,949.31,32.83
3322890,-0.03,-0.03,0.98,2.99,6.71,-1.28,949.31,32.83
3322940,-0.04,-0.02,0.99,3.05,6.29,-1.04,949.3,32.82
3322978,-0.03,-0.03,0.97,2.93,6.59,-0.92,949.3,32.83
3323016,-0.04,-0.02,0.97,3.17,6.65,-1.16,949.33,32.82
3323054,-0.03,-0.03,0.98,2.93,6.96,-0.85,949.33,32.83
3323092,-0.03,-0.03,0.97,2.99,6.23,-0.67,949.37,32.83
3323130,-0.04,-0.02,0.99,2.99,5.92,-0.67,949.31,32.83
3323168,-0.03,-0.03,0.97,2.93,6.1,-0.67,949.35,32.82
3323207,-0.03,-0.02,0.97,2.87,5.0,-0.55,949.34,32.83
3323245,-0.04,-0.03,0.96,2.81,4.7,-0.49,949.36,32.84
3323283,-0.04,-0.04,0.94,2.81,3.97,-0.49,949.34,32.84
3323359,-0.04,-0.03,0.95,2.93,3.36,-0.24,949.43,32.81
3323397,-0.04,-0.03,0.95,3.05,2.69,-0.37,949.4,32.79
3323435,-0.04,-0.03,0.94,2.87,3.11,-0.37,949.38,32.82
3323524,-0.03,-0.03,0.94,2.5,2.87,-0.24,949.45,32.79
3323563,-0.04,-0.03,0.94,2.44,2.5,-0.37,949.4,32.8
3323601,-0.03,-0.03,0.94,2.2,2.81,-0.31,949.48,32.81
3323639,-0.04,-0.03,0.93,2.5,2.2,-0.24,949.47,32.81
3323677,-0.04,-0.02,0.94,2.38,1.89,-0.18,949.48,32.81
3323715,-0.04,-0.02,0.95,2.38,2.08,-0.12,949.48,32.81
3323765,-0.04,-0.03,0.94,2.26,1.83,-0.12,949.5,32.8
3323803,-0.04,-0.02,0.95,2.56,1.53,0.0,949.48,32.81
3323841,-0.04,-0.03,0.94,2.56,2.26,0.0,949.53,32.81
3323879,-0.05,-0.02,0.93,2.62,2.01,0.06,949.55,32.81
3323917,-0.04,-0.02,0.96,2.87,1.71,0.06,949.58,32.82
3323955,-0.04,-0.03,0.93,2.75,1.89,0.18,949.6,32.82
3323994,-0.04,-0.03,0.92,2.75,1.34,0.31,949.58,32.83
3324032,-0.05,-0.03,0.94,2.93,1.53,0.24,949.54,32.81
3324070,-0.04,-0.03,0.93,2.99,1.65,0.37,949.53,32.82
3324108,-0.04,-0.02,0.96,2.93,1.89,0.49,949.62,32.81
3324158,-0.04,-0.03,0.92,3.05,2.69,0.49,949.65,32.82
3324196,-0.05,-0.02,0.91,3.05,2.87,0.61,949.59,32.82
3324234,-0.05,-0.02,0.92,3.17,3.05,0.92,949.63,32.82
3324272,-0.04,-0.02,0.92,3.23,3.36,0.73,949.66,32.82
3324311,-0.05,-0.02,0.92,3.3,4.15,0.92,949.67,32.83
3324349,-0.04,-0.02,0.94,3.3,4.46,0.98,949.69,32.82
3324387,-0.05,-0.02,0.94,3.42,4.88,1.1,949.7,32.82
3324425,-0.05,-0.03,0.94,3.3,4.58,1.34,949.66,32.82
3324463,-0.05,-0.02,0.94,3.11,4.88,1.28,949.68,32.83
3324501,-0.05,-0.02,0.95,3.23,4.82,1.53,949.71,32.83
3324551,-0.05,-0.02,0.95,3.36,4.39,2.08,949.74,32.81
3324589,-0.05,-0.02,0.96,3.6,4.03,2.01,949.75,32.83
3324628,-0.04,-0.02,0.94,3.54,4.03,2.26,949.72,32.83
3324666,-0.04,-0.02,0.96,3.48,2.93,2.5,949.75,32.82
3324704,-0.05,-0.02,0.95,3.3,3.11,2.56,949.79,32.83
3324742,-0.05,-0.02,0.96,3.54,2.56,2.99,949.8,32.82
3324780,-0.04,-0.03,0.95,3.36,2.93,2.99,949.79,32.83
3324818,-0.05,-0.02,0.95,3.36,2.26,3.17,949.82,32.84
3324856,-0.04,-0.02,0.94,3.11,2.69,3.3,949.83,32.83
3324906,-0.04,-0.02,0.94,3.05,2.38,3.54,949.8,32.81
3324944,-0.04,-0.02,0.94,3.11,2.2,3.72,949.84,32.83
3324982,-0.03,-0.02,0.94,3.11,2.2,3.78,949.85,32.82
3325020,-0.04,-0.02,0.96,2.99,2.2,3.72,949.86,32.82
3325059,-0.03,-0.02,0.96,2.99,2.32,3.85,949.89,32.82
3325097,-0.03,-0.02,0.95,2.99,2.08,3.85,949.91,32.83
3325135,-0.04,-0.02,0.96,3.11,2.69,3.78,949.85,32.81
3325173,-0.03,-0.03,0.97,3.11,2.5,3.91,949.94,32.83
3325211,-0.03,-0.02,0.96,3.11,2.81,3.91,949.92,32.82
3325249,-0.04,-0.02,0.96,3.3,2.87,3.97,949.99,32.83
3325299,-0.03,-0.03,0.94,3.11,3.17,4.09,950.0,32.82
3325337,-0.03,-0.03,0.94,3.36,2.5,4.21,950.02,32.83
3325376,-0.03,-0.04,0.89,3.3,3.17,4.15,950.03,32.82
3325414,-0.03,-0.03,0.87,3.3,3.11,4.21,950.05,32.82
3325452,-0.04,-0.04,0.86,3.48,3.36,4.27,950.06,32.83
3325490,-0.04,-0.04,0.86,3.36,3.05,4.15,950.11,32.84
3325528,-0.04,-0.04,0.89,3.72,2.99,4.33,950.03,32.81
3325566,-0.02,-0.04,0.87,3.3,3.48,4.39,950.09,32.82
3325605,-0.03,-0.03,0.9,3.17,3.17,4.33,950.07,32.81
3325643,-0.02,-0.03,0.9,2.75,3.23,4.33,950.12,32.83
3325692,-0.02,-0.03,0.95,2.5,2.56,4.39,950.11,32.81
3325731,-0.03,-0.03,0.97,2.08,2.56,4.39,950.15,32.82
3325769,-0.03,-0.02,0.98,1.77,2.26,4.58,950.1,32.81
3325807,-0.03,-0.02,1.0,1.34,2.44,4.33,950.15,32.81
3325845,-0.02,-0.02,0.99,1.53,1.95,4.58,950.18,32.82
3325883,-0.02,-0.02,1.0,1.34,2.01,4.33,950.19,32.81
3325921,-0.01,-0.03,0.99,1.34,2.56,4.27,950.21,32.82
3325959,-0.02,-0.02,1.0,1.4,2.38,4.27,950.22,32.82
3325998,-0.03,-0.02,0.98,1.22,2.26,4.33,950.24,32.81
3326047,-0.03,-0.03,0.98,1.22,2.62,4.15,950.29,32.82
3326086,-0.02,-0.03,0.99,1.16,3.17,3.91,950.34,32.82
3326124,-0.02,-0.03,0.98,1.16,2.87,4.03,950.29,32.81
3326162,-0.02,-0.03,0.99,1.16,2.93,4.03,950.27,32.83
3326200,-0.02,-0.03,0.98,1.04,2.99,4.09,950.32,32.8
3326238,-0.02,-0.02,1.0,1.28,2.75,4.09,950.31,32.82
3326276,-0.02,-0.03,0.99,0.98,2.75,4.09,950.29,32.81
3326314,-0.03,-0.02,1.01,0.98,2.14,4.09,950.36,32.83
3326352,-0.02,-0.03,1.01,0.92,2.14,4.21,950.32,32.82
3326391,-0.01,-0.02,1.01,0.61,2.01,4.21,950.35,32.82
3326466,-0.02,-0.02,1.03,0.92,2.08,4.27,950.41,32.8
3326504,-0.01,-0.02,1.05,0.79,2.2,3.91,950.42,32.8
3326543,-0.03,-0.02,1.06,0.98,2.14,4.15,950.45,32.8
3326632,-0.02,-0.02,1.07,1.4,2.62,3.85,950.46,32.77
3326670,-0.02,-0.02,1.06,1.4,2.38,3.72,950.48,32.8
3326708,-0.01,-0.02,1.06,1.28,2.5,3.72,950.51,32.79
3326747,-0.0,-0.02,1.06,1.34,2.62,3.48,950.56,32.81
3326785,-0.02,-0.02,1.03,1.22,2.69,3.48,950.55,32.81
3326823,-0.02,-0.02,1.06,1.28,2.87,3.42,950.57,32.8
3326861,-0.02,-0.03,1.04,1.34,3.17,3.36,950.59,32.81
3326911,-0.02,-0.02,1.03,1.65,3.17,3.23,950.6,32.79
3326949,-0.02,-0.03,1.0,1.4,3.91,3.11,950.62,32.81
3326987,-0.02,-0.02,1.02,1.59,3.17,2.93,950.61,32.8
3327025,-0.02,-0.03,1.02,1.46,4.09,3.11,950.6,32.81
3327063,-0.02,-0.03,1.02,1.53,3.66,3.11,950.66,32.82
3327102,-0.02,-0.02,1.03,1.59,3.36,3.17,950.64,32.82
3327140,-0.02,-0.02,1.02,1.46,4.03,3.05,950.62,32.8
3327178,-0.01,-0.03,1.03,1.4,3.48,3.11,950.7,32.81
3327216,-0.01,-0.02,1.03,1.46,2.99,2.99,950.7,32.82
3327266,-0.02,-0.03,1.01,1.34,2.44,3.17,950.69,32.8
3327304,-0.01,-0.03,1.03,1.22,2.2,3.05,950.72,32.82
3327342,-0.0,-0.02,1.03,1.22,1.95,3.23,950.8,32.83
3327380,-0.02,-0.02,1.03,1.28,1.53,3.23,950.76,32.82
3327418,-0.01,-0.03,1.02,1.28,1.65,3.05,950.74,32.81
3327457,-0.02,-0.02,1.05,1.1,1.4,2.81,950.77,32.82
3327495,-0.02,-0.02,1.04,1.04,1.65,3.11,950.69,32.8
3327533,-0.01,-0.02,1.04,0.92,1.89,2.87,950.81,32.82
3327571,-0.01,-0.02,1.08,0.85,1.77,2.56,950.83,32.83
3327609,-0.04,-0.02,1.06,0.73,2.81,2.81,950.81,32.83
3327659,-0.02,-0.02,1.08,0.85,3.23,2.5,950.83,32.81
3327697,-0.03,-0.01,1.08,0.92,3.48,2.5,950.84,32.81
3327735,-0.03,-0.02,1.06,0.49,3.85,2.56,950.87,32.82
3327773,-0.02,-0.02,1.08,0.55,3.36,2.56,950.86,32.81
3327811,-0.03,-0.01,1.07,0.67,3.54,2.62,950.86,32.83
3327850,-0.03,-0.01,1.06,0.61,3.23,2.81,950.9,32.82
3327888,-0.03,-0.02,1.06,0.79,3.54,2.87,950.92,32.83
3327926,-0.03,-0.01,1.1,0.92,3.54,2.93,950.95,32.83
3327964,-0.04,-0.01,1.13,0.92,2.5,3.17,950.99,32.83
3328002,-0.03,-0.0,1.13,0.98,2.44,3.48,950.93,32.82
3328052,-0.03,-0.01,1.15,1.1,3.11,3.17,951.01,32.81
3328090,-0.01,-0.0,1.14,0.85,2.81,3.17,950.96,32.82
3328128,-0.02,-0.0,1.16,0.92,2.38,3.48,950.99,32.84
3328167,-0.04,-0.01,1.1,0.79,2.44,3.6,950.99,32.81
3328205,-0.03,0.0,1.18,1.22,1.22,3.54,950.96,32.83
3328243,-0.02,-0.01,1.13,0.43,1.95,3.72,950.99,32.82
3328281,-0.02,0.01,1.16,1.1,-0.31,3.78,951.02,32.83
3328319,-0.04,-0.01,1.13,1.4,0.98,3.97,951.05,32.81
3328357,-0.02,-0.02,1.11,1.34,0.37,4.03,951.08,32.82
3328407,-0.02,-0.01,1.13,1.59,-0.12,3.97,951.07,32.81
3328445,-0.02,-0.01,1.04,1.65,-0.61,3.97,951.06,32.8
3328483,-0.02,-0.01,1.08,1.89,-1.16,4.09,951.08,32.81
3328521,-0.01,-0.03,1.06,2.01,-0.37,3.97,951.04,32.82
3328559,-0.02,-0.02,1.08,2.26,-0.85,3.72,951.01,32.81
3328598,-0.03,-0.0,1.08,1.83,-0.37,3.66,951.13,32.83
3328636,-0.03,0.01,1.14,2.14,-0.12,3.66,951.12,32.82
3328674,-0.02,-0.01,1.13,1.77,1.4,3.66,951.09,32.82
3328712,-0.03,-0.01,1.18,2.01,1.4,3.54,951.09,32.83
3328750,-0.04,-0.01,1.17,2.26,3.6,3.54,951.17,32.83
3328800,-0.02,0.0,1.15,2.81,3.3,3.48,951.14,32.81
3328838,-0.03,0.01,1.12,2.87,4.27,3.72,951.19,32.8
3328876,-0.03,-0.01,1.08,2.87,4.33,4.03,951.19,32.81
3328914,-0.02,-0.01,1.13,3.11,3.97,4.09,951.12,32.81
3328952,-0.03,-0.03,1.11,3.11,4.21,4.27,951.17,32.82
3328990,-0.03,-0.03,1.1,3.36,3.54,4.52,951.16,32.81
3329029,-0.03,-0.02,1.05,3.17,3.54,4.7,951.19,32.81
3329067,-0.02,-0.01,1.05,3.11,2.5,4.76,951.27,32.82
3329105,-0.03,-0.02,1.02,3.05,3.42,4.94,951.25,32.82
3329143,-0.02,-0.03,1.03,3.17,2.56,5.07,951.24,32.82
3329193,-0.02,-0.02,1.02,2.99,3.72,5.13,951.23,32.81
3329231,-0.01,-0.02,1.06,2.99,3.23,5.25,951.2,32.81
3329269,-0.02,-0.02,1.05,3.05,3.91,5.43,951.25,32.81
3329307,-0.03,-0.02,1.03,2.93,3.48,5.43,951.19,32.81
3329345,-0.03,-0.02,1.04,2.93,3.97,5.74,951.22,32.83
3329383,-0.02,-0.03,1.0,2.87,4.88,5.55,951.25,32.82
3329421,-0.02,-0.02,1.0,2.93,4.64,5.74,951.26,32.82
3329460,-0.03,-0.03,0.97,2.75,5.74,5.86,951.27,32.82
3329498,-0.03,-0.03,0.97,2.87,5.86,5.92,951.25,32.82
3329574,-0.02,-0.04,0.93,2.75,6.65,6.16,951.25,32.8
3329612,-0.03,-0.03,0.95,2.93,6.29,6.35,951.29,32.8
3329650,-0.01,-0.03,0.93,2.75,6.96,6.35,951.29,32.81
3329740,-0.01,-0.04,0.88,2.69,6.96,6.71,951.27,32.78
3329778,-0.01,-0.04,0.91,2.69,7.02,6.84,951.32,32.79
3329816,-0.01,-0.04,0.89,2.5,7.32,6.71,951.31,32.78
3329854,-0.01,-0.04,0.89,2.44,7.14,6.84,951.27,32.79
3329892,-0.0,-0.04,0.9,2.32,7.51,6.9,951.32,32.8
3329930,-0.01,-0.04,0.91,2.08,7.32,6.9,951.3,32.79
3329968,-0.01,-0.04,0.93,1.95,7.26,6.96,951.29,32.81
3330018,-0.0,-0.03,0.94,1.95,7.75,6.84,951.3,32.79
3330056,0.0,-0.04,0.95,1.83,7.87,7.08,951.3,32.8
3330094,0.0,-0.04,0.96,1.77,7.39,7.14,951.33,32.79
3330133,-0.0,-0.03,0.98,1.77,7.08,7.14,951.33,32.8
3330171,0.01,-0.03,1.0,1.53,6.84,7.2,951.36,32.81
3330209,0.0,-0.02,1.04,1.53,6.59,7.14,951.36,32.8
3330247,0.0,-0.02,1.06,1.34,5.43,7.26,951.29,32.81
3330285,-0.0,-0.02,1.07,1.04,5.07,7.57,951.34,32.81
3330323,0.01,-0.01,1.09,1.1,4.27,7.63,951.35,32.81
3330361,0.01,-0.0,1.14,1.1,3.97,7.63,951.31,32.81
3330411,0.01,-0.01,1.12,1.16,3.23,7.75,951.36,32.81
3330449,0.01,-0.01,1.13,1.46,2.99,7.51,951.35,32.81
3330487,0.03,-0.02,1.11,1.4,4.27,7.51,951.36,32.82
3330525,0.03,-0.02,1.08,1.83,4.39,7.32,951.31,32.81
3330564,0.01,-0.02,1.05,2.2,3.85,7.02,951.36,32.83
3330602,0.01,-0.03,1.02,2.26,4.15,7.14,951.44,32.81
3330640,0.03,-0.03,1.01,2.75,4.46,6.77,951.34,32.81
3330678,0.02,-0.03,1.01,2.81,4.21,6.59,951.32,32.81
3330716,0.01,-0.04,0.99,2.81,4.82,6.71,951.4,32.83
3330754,0.02,-0.04,0.99,2.81,4.82,6.23,951.41,32.83
3330804,0.03,-0.03,1.01,2.56,4.39,6.41,951.32,32.8
3330842,0.03,-0.03,0.97,2.38,4.52,6.47,951.33,32.81
3330880,0.02,-0.02,0.98,2.5,3.91,5.98,951.39,32.83
3330918,0.04,-0.04,0.99,2.44,4.09,5.92,951.34,32.82
3330957,0.03,-0.04,0.99,2.44,4.33,5.8,951.35,32.83
3330995,0.03,-0.03,0.99,2.56,5.07,5.43,951.31,32.81
3331033,0.03,-0.03,0.98,2.62,6.04,5.0,951.36,32.83
3331071,0.03,-0.02,0.99,2.75,6.47,4.88,951.35,32.81
3331109,0.03,-0.03,0.98,2.62,7.14,4.82,951.36,32.82
3331159,0.03,-0.04,0.96,2.5,7.75,4.39,951.42,32.8
3331197,0.03,-0.04,0.94,2.5,7.81,4.39,951.43,32.82
3331235,0.04,-0.04,0.95,2.44,8.06,4.03,951.37,32.81
3331273,0.03,-0.04,0.93,2.32,8.48,4.09,951.36,32.82
3331311,0.02,-0.04,0.97,2.5,8.48,3.97,951.43,32.81
3331350,0.03,-0.05,0.94,2.32,8.36,3.97,951.42,32.82
3331388,0.03,-0.04,0.93,2.32,7.39,3.85,951.43,32.81
3331426,0.03,-0.04,0.91,2.08,7.63,3.72,951.42,32.82
3331464,0.04,-0.04,0.92,2.01,7.2,3.6,951.49,32.82
3331502,0.03,-0.04,0.94,1.77,6.71,3.48,951.45,32.82
3331552,0.03,-0.04,0.93,1.46,5.43,3.36,951.51,32.81
3331590,0.02,-0.04,0.95,1.16,5.13,3.17,951.45,32.82
3331628,0.04,-0.04,0.95,0.79,4.7,3.23,951.49,32.82
3331666,0.03,-0.03,0.99,0.61,3.85,3.11,951.5,32.82
3331704,0.03,-0.04,0.97,0.37,4.39,2.93,951.47,32.83
3331743,0.03,-0.03,1.02,0.31,4.09,2.75,951.52,32.83
3331781,0.03,-0.04,1.01,0.06,4.82,2.62,951.45,32.83
3331819,0.03,-0.03,1.02,0.06,3.42,2.56,951.47,32.83
3331857,0.02,-0.03,1.05,0.31,4.03,2.38,951.51,32.83
3331895,0.03,-0.03,1.0,0.06,4.15,2.2,951.5,32.82
3331945,0.03,-0.02,1.06,0.37,3.91,2.26,951.58,32.82
3331983,0.03,-0.03,1.03,0.43,3.91,1.95,951.53,32.82
3332021,0.03,-0.03,1.08,0.67,4.27,1.71,951.5,32.83
3332059,0.03,-0.04,1.03,0.61,5.07,1.65,951.56,32.82
3332097,0.03,-0.02,1.07,0.73,4.33,1.59,951.58,32.82
3332136,0.03,-0.02,1.06,0.67,4.94,1.22,951.57,32.82
3332174,0.03,-0.03,1.05,0.43,5.07,1.22,951.52,32.83
3332212,0.03,-0.03,1.04,0.55,5.68,1.1,951.53,32.83
3332250,0.02,-0.04,1.01,0.49,5.8,1.22,951.58,32.83
3332288,0.03,-0.03,1.01,0.73,5.37,0.79,951.58,32.83
3332338,0.02,-0.03,1.01,0.61,5.92,0.85,951.58,32.83
3332376,0.01,-0.03,1.04,0.49,5.13,0.67,951.6,32.82
3332414,0.03,-0.03,1.04,0.24,5.62,0.55,951.59,32.83
3332452,0.02,-0.03,1.06,0.37,5.49,0.18,951.69,32.83
3332490,0.02,-0.03,1.06,0.67,5.92,0.49,951.66,32.83
3332529,0.03,-0.03,1.04,0.92,5.62,0.18,951.68,32.82
3332567,0.03,-0.03,1.03,0.92,5.98,-0.06,951.71,32.83
3332605,0.02,-0.03,1.02,1.04,5.86,0.0,951.66,32.83
3332643,0.02,-0.04,1.01,1.34,5.68,-0.12,951.68,32.83
3332681,0.02,-0.04,1.04,1.59,5.25,-0.12,951.65,32.83
3332757,0.03,-0.03,1.05,1.59,4.7,-0.18,951.6,32.79
3332795,0.02,-0.03,1.05,1.77,3.97,-0.31,951.61,32.81
3332833,0.02,-0.03,1.05,1.77,4.15,-0.31,951.72,32.82
3332922,0.01,-0.04,1.05,2.14,4.46,-0.73,951.72,32.78
3332961,0.03,-0.04,1.03,2.26,5.37,-0.92,951.67,32.79
3332999,0.03,-0.04,1.02,2.44,5.92,-1.22,951.74,32.81
3333037,0.02,-0.05,0.99,2.44,5.74,-1.22,951.76,32.81
3333075,-0.01,-0.04,1.0,2.81,5.13,-1.46,951.76,32.82
3333113,0.01,-0.06,0.95,2.44,5.98,-1.28,951.77,32.82
3333163,0.02,-0.05,0.97,2.5,5.07,-1.77,951.8,32.8
3333201,0.0,-0.05,0.94,2.14,5.37,-1.59,951.84,32.8
3333239,0.01,-0.05,0.95,2.2,5.13,-1.71,951.78,32.79
3333277,0.0,-0.06,0.94,1.83,5.43,-1.77,951.81,32.81
3333316,-0.0,-0.05,0.95,1.65,4.82,-1.77,951.73,32.81
3333354,-0.01,-0.05,0.94,1.4,4.52,-1.83,951.91,32.82
3333392,0.0,-0.05,0.93,1.28,4.03,-2.01,951.87,32.83
3333430,0.01,-0.05,0.95,1.28,3.11,-2.08,951.81,32.81
3333468,-0.01,-0.05,0.93,0.98,2.32,-1.95,951.85,32.82
3333506,-0.0,-0.05,0.95,1.16,1.59,-2.2,951.85,32.81
3333556,-0.01,-0.05,0.96,0.85,1.83,-2.26,951.83,32.81
3333594,-0.01,-0.05,1.0,1.04,1.1,-2.2,951.89,32.83
3333632,-0.02,-0.06,0.97,0.61,1.65,-2.38,951.85,32.82
3333670,-0.01,-0.05,1.0,0.55,1.22,-2.44,951.89,32.83
3333709,-0.01,-0.05,1.0,0.73,1.46,-2.56,951.88,32.83
3333747,-0.01,-0.05,0.99,0.85,1.34,-2.38,951.88,32.81
3333785,-0.02,-0.05,0.98,0.98,1.1,-2.5,951.93,32.82
3333823,-0.02,-0.05,0.99,0.92,1.53,-2.69,951.94,32.83
3333861,-0.02,-0.05,0.99,0.98,1.34,-2.69,951.89,32.83
3333911,-0.02,-0.04,1.0,1.16,1.71,-2.81,951.96,32.81
3333949,-0.03,-0.05,1.0,0.92,2.01,-2.75,951.96,32.83
3333987,-0.02,-0.04,1.01,1.1,2.14,-2.81,951.94,32.83
3334025,-0.03,-0.04,1.01,1.16,2.44,-2.69,951.98,32.83
3334063,-0.03,-0.04,1.01,1.1,2.75,-2.69,951.98,32.83
3334102,-0.03,-0.04,1.01,1.1,2.87,-2.69,952.0,32.83
3334140,-0.03,-0.05,1.0,1.16,3.23,-2.62,951.91,32.82
3334178,-0.03,-0.04,1.01,1.16,3.6,-2.44,952.0,32.83
3334216,-0.04,-0.04,1.01,1.22,4.03,-2.38,951.95,32.81
3334254,-0.03,-0.04,1.03,1.34,4.09,-2.2,951.93,32.82
3334304,-0.04,-0.04,1.02,1.4,4.39,-2.01,952.01,32.82
3334342,-0.03,-0.04,1.02,1.53,4.52,-1.89,952.05,32.83
3334380,-0.03,-0.04,1.0,1.34,4.64,-1.95,952.0,32.81
3334418,-0.04,-0.04,1.02,1.77,4.58,-1.77,952.0,32.83
3334456,-0.03,-0.05,1.0,1.65,5.25,-1.46,952.05,32.83
3334495,-0.04,-0.04,1.03,1.95,4.21,-1.34,952.12,32.83
3334533,-0.04,-0.05,1.01,1.77,5.13,-1.4,952.02,32.82
3334571,-0.03,-0.04,1.03,1.83,4.39,-1.1,952.07,32.83
3334609,-0.05,-0.05,1.03,1.71,4.46,-1.04,952.04,32.82
3334659,-0.03,-0.04,1.01,1.53,4.27,-0.98,952.1,32.82
3334697,-0.04,-0.04,1.04,1.83,4.76,-0.92,952.03,32.81
3334735,-0.03,-0.04,1.04,1.77,4.21,-0.79,952.1,32.83
3334773,-0.04,-0.04,1.05,1.77,4.03,-0.61,952.01,32.83
3334811,-0.05,-0.04,1.07,1.77,4.09,-0.49,952.02,32.82
3334849,-0.04,-0.04,1.08,1.77,3.72,-0.49,952.03,32.82
3334887,-0.04,-0.03,1.09,1.59,3.17,-0.37,952.11,32.83
3334926,-0.04,-0.03,1.08,1.53,3.6,-0.18,952.04,32.82
3334964,-0.04,-0.04,1.09,1.53,3.6,-0.24,952.0,32.82
3335002,-0.04,-0.04,1.1,1.71,3.42,0.0,952.09,32.83
3335051,-0.05,-0.03,1.09,1.71,3.42,0.18,952.07,32.83
3335090,-0.04,-0.04,1.11,1.83,3.78,0.12,952.09,32.83
3335128,-0.04,-0.04,1.09,1.46,3.97,0.31,952.13,32.82
3335166,-0.04,-0.04,1.1,1.83,3.42,0.49,952.12,32.82
3335204,-0.04,-0.04,1.08,1.83,3.78,0.67,952.06,32.83
3335242,-0.04,-0.04,1.06,1.95,3.17,0.79,952.13,32.83
3335280,-0.04,-0.04,1.05,1.77,3.72,0.92,952.14,32.83
3335318,-0.04,-0.04,1.02,1.95,3.6,0.79,952.12,32.81
3335356,-0.04,-0.04,1.03,1.95,3.78,1.04,952.06,32.82
3335395,-0.03,-0.04,1.01,1.95,3.78,0.98,952.14,32.82
3335444,-0.05,-0.05,0.99,1.95,3.66,1.28,952.07,32.82
3335483,-0.04,-0.04,0.98,1.95,3.66,1.34,952.09,32.81
3335521,-0.04,-0.05,0.98,1.95,3.91,1.4,952.11,32.81
3335559,-0.05,-0.06,0.94,1.83,3.85,1.46,952.12,32.83
3335597,-0.05,-0.05,0.91,1.95,4.64,1.46,952.11,32.83
3335635,-0.04,-0.06,0.88,2.01,5.25,1.46,952.14,32.82
3335673,-0.03,-0.05,0.86,1.89,5.25,1.59,952.13,32.83
3335712,-0.05,-0.06,0.84,1.83,4.88,1.89,952.16,32.82
3335750,-0.04,-0.06,0.84,1.83,5.13,1.89,952.17,32.82
3335825,-0.03,-0.06,0.84,1.4,4.09,2.01,952.16,32.79
3335864,-0.02,-0.06,0.85,1.16,3.66,2.26,952.16,32.82
3335902,-0.03,-0.06,0.86,0.98,3.66,2.2,952.14,32.8
3335991,-0.02,-0.06,0.92,0.92,2.87,2.32,952.17,32.77
3336029,-0.03,-0.05,0.96,0.67,2.81,2.32,952.17,32.79
3336068,-0.02,-0.05,0.97,0.73,2.87,2.5,952.21,32.82
3336106,-0.02,-0.05,0.98,0.67,2.81,2.38,952.12,32.8
3336144,-0.03,-0.05,0.97,0.73,2.81,2.5,952.19,32.81
3336182,-0.03,-0.04,0.99,0.92,2.69,2.44,952.18,32.81
3336220,-0.02,-0.05,0.98,0.79,2.81,2.5,952.21,32.81
3336270,-0.02,-0.04,1.01,1.1,2.62,2.38,952.16,32.8
3336308,-0.02,-0.05,1.0,1.1,2.69,2.56,952.16,32.8
3336346,-0.03,-0.04,1.0,1.16,2.69,2.38,952.19,32.81
3336384,-0.03,-0.04,1.0,1.22,2.93,2.38,952.18,32.81
3336422,-0.02,-0.04,1.0,1.28,3.05,2.44,952.24,32.83
3336461,-0.03,-0.04,1.01,1.4,2.69,2.32,952.21,32.8
3336499,-0.03,-0.05,1.01,1.71,3.23,2.32,952.21,32.82
3336537,-0.03,-0.05,0.98,1.59,3.23,2.38,952.21,32.82
3336575,-0.02,-0.04,0.99,1.71,2.56,2.32,952.19,32.81
3336613,-0.03,-0.04,0.98,1.28,2.99,2.38,952.2,32.81
3336663,-0.03,-0.04,1.0,1.53,2.99,2.62,952.22,32.8
3336701,-0.02,-0.04,0.99,1.46,3.17,2.26,952.2,32.82
3336739,-0.03,-0.04,1.0,1.46,3.11,2.2,952.33,32.83
3336778,-0.02,-0.04,1.0,1.59,3.66,2.14,952.24,32.83
3336816,-0.02,-0.04,0.98,1.4,3.85,2.2,952.24,32.82
3336854,-0.03,-0.04,0.99,1.71,3.42,2.2,952.29,32.83
3336892,-0.03,-0.05,0.96,1.53,4.39,2.2,952.26,32.82
3336930,-0.02,-0.04,0.96,1.83,3.48,2.08,952.26,32.84
3336968,-0.02,-0.05,0.95,1.77,4.15,2.08,952.28,32.83
3337018,-0.02,-0.05,0.93,2.08,3.6,2.2,952.26,32.81
3337056,-0.01,-0.05,0.93,1.89,3.72,2.32,952.24,32.82
3337094,-0.02,-0.04,0.95,2.01,2.44,2.44,952.26,32.83
3337133,-0.03,-0.05,0.92,1.65,2.62,2.38,952.26,32.81
3337171,-0.02,-0.05,0.91,1.71,2.32,2.38,952.29,32.81
3337209,-0.02,-0.06,0.92,1.65,1.59,2.38,952.34,32.84
3337247,-0.03,-0.06,0.86,1.22,2.2,2.44,952.31,32.82
3337285,-0.03,-0.05,0.88,1.46,1.28,2.26,952.3,32.83
3337323,-0.02,-0.05,0.86,1.16,3.85,2.26,952.27,32.82
3337361,-0.01,-0.04,0.88,1.16,3.05,2.26,952.29,32.81
3337411,-0.03,-0.05,0.96,1.28,3.17,2.08,952.29,32.81
3337449,-0.03,-0.05,0.97,0.79,4.09,1.95,952.28,32.82
3337487,-0.02,-0.03,1.04,1.1,4.21,1.95,952.26,32.81
3337526,-0.02,-0.04,1.06,0.79,4.82,1.95,952.27,32.83
3337564,-0.02,-0.03,1.08,0.79,4.94,1.89,952.33,32.83
3337602,-0.02,-0.03,1.06,0.61,5.62,1.77,952.31,32.82
3337640,-0.01,-0.02,1.09,0.98,5.55,1.83,952.31,32.83
3337678,-0.02,-0.03,1.05,0.85,5.8,1.77,952.29,32.82
3337716,-0.02,-0.02,1.08,1.34,4.76,1.59,952.28,32.83
3337754,-0.02,-0.03,1.09,1.28,5.19,1.89,952.29,32.82
3337804,-0.02,-0.03,1.08,1.71,4.58,1.77,952.31,32.81
3337842,-0.02,-0.02,1.08,1.95,4.39,1.83,952.31,32.82
3337881,-0.03,-0.02,1.07,2.2,4.46,1.95,952.33,32.81
3337919,-0.02,-0.03,1.06,2.32,4.33,2.01,952.37,32.83
3337957,-0.02,-0.03,1.06,2.44,4.03,1.89,952.34,32.82
3337995,-0.02,-0.03,1.03,2.44,4.09,2.14,952.37,32.82
3338033,-0.02,-0.03,1.03,2.56,3.97,2.14,952.38,32.82
3338071,-0.02,-0.03,1.02,2.69,3.85,2.08,952.38,32.84
3338109,-0.03,-0.03,1.01,2.62,3.66,2.08,952.37,32.83
3338159,-0.02,-0.04,1.01,2.75,3.66,2.14,952.39,32.82
3338197,-0.02,-0.04,1.01,2.75,3.91,2.2,952.34,32.82
3338236,-0.02,-0.04,1.01,2.69,3.6,2.26,952.4,32.82
3338274,-0.03,-0.03,0.99,2.69,4.03,2.38,952.4,32.83
3338312,-0.02,-0.03,1.0,2.81,3.85,2.26,952.41,32.84
3338350,-0.02,-0.04,1.0,2.69,4.09,2.38,952.39,32.83
3338388,-0.02,-0.03,0.98,2.69,3.6,2.5,952.39,32.83
3338426,-0.02,-0.03,1.0,2.81,3.42,2.26,952.4,32.83
3338464,-0.03,-0.04,0.98,2.62,4.15,2.32,952.36,32.82
3338503,-0.02,-0.04,1.0,2.62,3.3,2.44,952.37,32.84
3338552,-0.02,-0.04,0.97,2.44,4.09,2.32,952.4,32.82
3338591,-0.02,-0.03,0.98,2.75,3.36,2.38,952.4,32.82
3338629,-0.02,-0.04,0.96,2.56,4.03,2.38,952.42,32.83
3338667,-0.01,-0.04,0.96,2.5,3.6,2.26,952.4,32.83
3338705,-0.01,-0.04,0.97,2.69,4.03,2.2,952.45,32.83
3338743,-0.02,-0.05,0.92,2.56,4.88,2.32,952.44,32.83
3338781,-0.01,-0.04,0.93,2.69,4.58,2.14,952.4,32.82
3338820,-0.01,-0.04,0.93,2.69,5.19,2.01,952.43,32.82
3338858,-0.02,-0.05,0.9,2.69,5.37,1.95,952.47,32.83
3338896,-0.03,-0.04,0.9,2.81,5.68,1.89,952.5,32.83
3338972,-0.01,-0.04,0.88,2.75,6.04,1.71,952.49,32.81
3339010,-0.02,-0.04,0.89,2.62,6.16,1.59,952.48,32.81
3339048,-0.02,-0.04,0.9,2.44,6.41,1.83,952.5,32.8
3339137,-0.02,-0.04,0.95,2.44,5.74,1.83,952.45,32.78
3339176,-0.01,-0.05,0.95,2.26,5.68,1.71,952.46,32.79
3339214,-0.0,-0.05,0.94,2.26,5.86,1.77,952.46,32.81
3339252,-0.01,-0.04,0.95,2.38,5.49,1.71,952.53,32.8
3339290,-0.01,-0.04,0.92,2.26,5.55,1.77,952.51,32.82
3339328,-0.01,-0.04,0.94,2.32,5.31,1.59,952.49,32.81
3339378,-0.01,-0.03,0.95,2.14,5.0,1.53,952.51,32.81
3339416,-0.01,-0.03,0.98,2.32,4.27,1.71,952.46,32.81
3339454,0.0,-0.04,0.98,2.44,4.03,1.59,952.44,32.81
3339492,-0.01,-0.03,1.0,2.32,3.54,1.59,952.52,32.81
3339530,0.0,-0.03,0.99,2.26,3.6,1.71,952.48,32.81
3339568,0.0,-0.04,0.97,2.2,3.23,1.46,952.52,32.81
3339607,-0.01,-0.03,0.98,2.38,2.69,1.46,952.45,32.81
3339645,-0.0,-0.04,0.92,2.14,2.5,1.46,952.48,32.8
3339683,-0.0,-0.03,0.94,2.32,1.77,1.28,952.51,32.82
3339721,0.01,-0.04,0.93,2.26,1.59,1.22,952.55,32.82
3339771,-0.01,-0.04,0.91,2.2,0.67,1.22,952.53,32.8
3339809,-0.01,-0.04,0.93,2.14,1.4,0.73,952.55,32.83
3339847,-0.0,-0.04,0.92,2.14,1.65,0.49,952.57,32.82
3339885,-0.0,-0.03,0.94,2.26,1.04,0.61,952.58,32.82
3339924,-0.01,-0.03,0.96,2.26,1.4,0.37,952.55,32.81
3339962,-0.02,-0.04,0.95,2.32,1.89,0.37,952.63,32.83
3340000,-0.01,-0.03,0.97,2.2,2.32,0.24,952.57,32.81
3340038,-0.02,-0.03,0.97,2.32,2.87,0.12,952.66,32.83
3340076,-0.02,-0.03,0.96,2.26,3.36,0.06,952.61,32.83
3340114,-0.01,-0.03,0.99,2.5,3.66,-0.06,952.67,32.83
3340164,-0.01,-0.03,0.98,2.32,4.09,-0.12,952.62,32.81
3340202,-0.01,-0.02,1.01,2.62,4.27,-0.18,952.64,32.83
3340241,-0.01,-0.03,0.98,2.56,4.46,-0.06,952.61,32.82
3340279,-0.02,-0.03,1.0,2.75,3.97,-0.18,952.64,32.83
3340317,-0.0,-0.03,1.02,2.56,4.03,-0.12,952.64,32.83
3340355,-0.01,-0.02,0.99,2.56,4.09,-0.18,952.66,32.82
3340393,-0.01,-0.02,1.0,2.93,4.03,-0.18,952.62,32.82
3340431,-0.01,-0.03,0.96,2.81,5.0,-0.24,952.67,32.84
3340469,-0.02,-0.03,0.98,2.93,4.33,-0.37,952.68,32.83
3340519,-0.01,-0.04,0.94,2.93,5.37,-0.31,952.67,32.81
3340557,-0.02,-0.03,0.94,3.05,4.21,-0.31,952.64,32.82
3340596,-0.01,-0.04,0.92,2.93,4.7,-0.31,952.64,32.82
3340634,-0.01,-0.04,0.89,2.99,4.46,-0.31,952.68,32.83
3340672,-0.01,-0.04,0.91,3.11,4.03,-0.37,952.72,32.83
3340710,-0.02,-0.04,0.87,2.81,4.21,-0.37,952.75,32.85
3340748,-0.01,-0.03,0.89,2.81,3.66,-0.49,952.68,32.83
3340786,-0.02,-0.04,0.88,2.5,4.03,-0.43,952.67,32.83
3340824,-0.01,-0.04,0.88,2.62,3.6,-0.43,952.8,32.83
3340863,-0.02,-0.04,0.89,2.75,3.72,-0.43,952.78,32.84
3340913,-0.0,-0.05,0.9,2.5,3.78,-0.43,952.75,32.83
3340951,-0.02,-0.04,0.88,2.56,3.85,-0.55,952.77,32.83
3340989,-0.01,-0.04,0.91,2.62,3.23,-0.61,952.72,32.82
3341027,-0.01,-0.04,0.95,2.44,3.48,-0.55,952.76,32.83
3341065,-0.01,-0.04,0.93,2.2,3.91,-0.61,952.71,32.82
3341103,-0.02,-0.03,0.98,2.5,3.54,-0.55,952.77,32.83
3341141,-0.02,-0.04,0.95,1.95,4.21,-0.55,952.8,32.84
3341179,-0.02,-0.02,1.04,2.01,2.26,-0.61,952.79,32.83
3341218,-0.01,-0.03,1.03,2.01,3.54,-0.67,952.78,32.83
3341267,-0.02,-0.03,0.99,2.01,2.69,-0.67,952.83,32.83
3341306,-0.0,-0.02,1.05,2.14,2.38,-0.61,952.81,32.82
3341344,-0.01,-0.03,1.01,2.14,2.5,-0.43,952.79,32.83
3341382,-0.04,-0.02,1.05,2.26,1.65,-0.49,952.89,32.84
3341420,-0.02,-0.03,1.06,2.01,2.2,-0.55,952.82,32.83
3341458,-0.02,-0.03,1.04,2.01,1.28,-0.67,952.84,32.84
3341496,-0.02,-0.02,1.03,2.14,0.98,-0.49,952.88,32.83
3341534,-0.01,-0.02,1.01,1.89,1.28,-0.73,952.86,32.84
3341572,-0.02,-0.03,1.0,1.71,1.22,-0.73,952.94,32.83
3341611,-0.03,-0.03,0.98,1.46,1.22,-0.55,952.88,32.84
3341660,-0.03,-0.03,0.99,1.34,1.53,-0.73,952.85,32.84
3341699,-0.02,-0.02,0.99,1.22,1.4,-0.92,952.91,32.84
3341737,-0.01,-0.02,1.0,1.04,1.46,-0.92,952.95,32.84
3341775,-0.03,-0.02,1.0,0.98,1.77,-0.98,952.92,32.84
3341813,-0.03,-0.03,0.98,0.67,2.26,-0.92,952.97,32.83
3341851,-0.03,-0.03,0.99,0.61,2.5,-1.04,952.92,32.85
3341889,-0.03,-0.02,0.98,0.49,2.44,-1.04,952.94,32.84
3341927,-0.03,-0.03,0.95,0.43,2.75,-1.1,952.97,32.83
3341966,-0.03,-0.03,0.94,0.43,2.87,-1.04,952.96,32.83
3342043,-0.03,-0.03,0.94,0.49,2.99,-0.98,952.98,32.81
3342081,-0.03,-0.02,0.97,0.85,2.93,-0.92,953.06,32.83
3342119,-0.03,-0.03,0.98,0.73,3.36,-0.92,952.95,32.81
3342209,-0.03,-0.03,0.98,1.28,3.54,-0.73,953.01,32.78
3342247,-0.04,-0.02,0.98,1.65,3.54,-0.85,952.96,32.8
3342285,-0.03,-0.03,0.96,1.59,3.97,-0.73,953.04,32.8
3342323,-0.04,-0.03,0.93,1.77,3.17,-0.67,952.97,32.8
3342361,-0.04,-0.03,0.93,2.01,3.48,-0.67,953.05,32.82
3342399,-0.05,-0.04,0.92,2.2,3.3,-0.49,953.08,32.82
3342449,-0.04,-0.03,0.94,2.26,3.78,-0.49,953.04,32.81
3342487,-0.05,-0.03,0.92,2.14,4.33,-0.43,953.05,32.81
3342525,-0.04,-0.03,0.94,2.32,4.52,-0.37,953.04,32.83
3342564,-0.04,-0.04,0.91,1.95,5.62,-0.24,953.13,32.81
3342602,-0.05,-0.03,0.9,2.14,5.0,-0.12,953.11,32.83
3342640,-0.05,-0.03,0.92,2.26,5.13,0.06,953.04,32.83
3342678,-0.04,-0.03,0.88,2.2,5.74,0.06,953.09,32.82
3342716,-0.04,-0.03,0.93,2.32,5.19,0.12,953.09,32.82
3342754,-0.03,-0.03,0.91,2.14,5.55,0.43,953.09,32.82
3342792,-0.04,-0.03,0.92,2.32,5.13,0.55,953.18,32.83
3342842,-0.05,-0.03,0.89,1.95,5.74,0.67,953.2,32.82
3342880,-0.04,-0.03,0.89,1.77,5.62,0.85,953.16,32.83
3342918,-0.04,-0.03,0.9,1.77,5.43,0.98,953.18,32.83
3342957,-0.04,-0.03,0.85,1.4,5.8,0.98,953.2,32.83
3342995,-0.04,-0.02,0.88,1.77,4.88,1.04,953.15,32.84
3343033,-0.03,-0.03,0.9,1.53,5.25,1.4,953.12,32.81
3343071,-0.04,-0.02,0.97,1.4,4.58,1.46,953.2,32.84
3343109,-0.04,-0.01,0.95,1.22,5.07,1.46,953.21,32.83
3343147,-0.03,0.0,1.02,1.16,4.46,1.59,953.16,32.83
3343186,-0.03,-0.01,1.02,0.92,5.31,1.77,953.16,32.83
3343236,-0.04,-0.0,1.07,1.22,3.97,1.89,953.26,32.82
3343274,-0.05,-0.01,1.06,1.4,4.46,2.08,953.22,32.82
3343312,-0.03,-0.0,1.04,1.59,4.15,2.14,953.28,32.83
3343350,-0.02,-0.0,1.06,1.89,3.48,2.01,953.29,32.82
3343388,-0.04,-0.01,1.02,2.2,3.6,2.14,953.28,32.82
3343426,-0.04,-0.02,1.01,2.62,3.3,2.38,953.31,32.83
3343465,-0.03,-0.01,1.04,2.62,3.54,2.32,953.32,32.83
3343503,-0.04,0.0,1.04,2.81,2.69,2.5,953.36,32.83
3343541,-0.04,0.0,1.04,2.75,2.75,2.69,953.25,32.83
3343591,-0.02,-0.0,1.08,2.93,2.93,2.5,953.25,32.81
3343629,-0.02,-0.0,1.07,2.99,3.3,2.62,953.25,32.81
3343667,-0.02,-0.0,1.07,3.17,2.81,2.99,953.35,32.82
3343705,-0.03,-0.0,1.06,3.05,3.36,2.87,953.32,32.83
3343743,-0.03,-0.0,1.01,2.99,3.85,2.56,953.41,32.83
3343781,-0.03,-0.0,1.02,3.17,3.3,2.93,953.36,32.83
3343820,-0.02,-0.01,0.99,2.99,3.48,2.87,953.35,32.82
3343858,-0.03,-0.01,1.0,3.11,3.05,2.93,953.38,32.83
3343896,-0.01,-0.01,1.01,3.11,3.6,2.93,953.43,32.83
3343934,-0.02,-0.01,1.0,3.17,3.3,2.81,953.4,32.83
3343984,-0.04,-0.02,0.97,3.11,3.54,2.99,953.41,32.83
3344022,-0.02,-0.01,0.97,2.99,3.42,3.23,953.44,32.83
3344060,-0.02,-0.01,0.97,2.93,3.66,2.99,953.36,32.83
3344098,-0.02,-0.01,0.96,2.81,3.36,2.99,953.42,32.82
3344136,-0.02,-0.02,0.96,2.87,3.42,3.05,953.41,32.82
3344175,-0.01,-0.02,0.95,2.87,3.17,3.11,953.52,32.83
3344213,-0.02,-0.02,0.96,2.93,2.62,3.17,953.46,32.83
3344251,-0.02,-0.02,0.96,2.56,2.81,2.93,953.47,32.83
3344289,-0.02,-0.01,0.97,2.62,2.56,2.99,953.53,32.84
3344327,-0.01,-0.02,0.99,2.56,2.62,2.93,953.5,32.83
3344377,-0.0,-0.02,1.01,2.44,2.14,3.11,953.55,32.84
3344415,-0.02,-0.01,1.02,2.56,2.01,2.81,953.49,32.83
3344453,-0.02,0.0,1.05,2.26,1.28,2.93,953.55,32.82
3344491,-0.01,-0.0,1.06,2.44,1.22,2.87,953.51,32.82
3344530,-0.01,-0.01,1.07,2.26,0.92,2.75,953.49,32.83
3344568,-0.01,-0.01,1.09,2.26,0.49,2.69,953.53,32.83
3344606,-0.02,-0.01,1.07,2.26,0.79,2.75,953.56,32.82
3344644,-0.02,-0.0,1.05,2.5,0.92,2.69,953.57,32.84
3344682,-0.02,0.0,1.05,2.81,1.1,2.75,953.6,32.83
3344732,-0.02,-0.0,1.04,2.81,1.4,2.5,953.56,32.83
3344770,-0.01,-0.01,1.04,2.93,1.59,2.44,953.59,32.82
3344808,-0.02,-0.02,1.0,2.99,1.83,2.56,953.63,32.83
3344846,-0.02,-0.01,0.98,3.11,2.26,2.5,953.6,32.83
3344884,-0.01,-0.02,0.95,3.11,2.56,2.26,953.69,32.83
3344923,-0.02,-0.02,0.95,3.36,2.44,2.2,953.62,32.84
3344961,-0.03,-0.03,0.9,3.23,2.62,2.32,953.67,32.82
3344999,-0.03,-0.03,0.92,3.3,2.38,2.32,953.69,32.83
3345037,-0.02,-0.03,0.9,3.17,3.11,2.26,953.69,32.84
3345075,-0.02,-0.02,0.91,3.3,2.69,2.26,953.69,32.82
3345151,-0.03,-0.03,0.87,3.42,2.75,2.44,953.67,32.79
3345189,-0.03,-0.04,0.86,3.17,3.42,2.32,953.78,32.81
3345228,-0.02,-0.03,0.85,3.11,3.78,2.32,953.73,32.82
3345317,-0.02,-0.04,0.89,2.99,4.46,2.44,953.74,32.79
3345355,-0.02,-0.03,0.92,2.81,4.52,2.38,953.78,32.8
3345394,-0.02,-0.03,0.93,2.56,4.58,2.5,953.76,32.81
3345432,-0.02,-0.02,0.93,2.44,4.33,2.62,953.8,32.81
3345470,-0.02,-0.03,0.94,2.32,4.33,2.69,953.78,32.82
3345508,-0.01,-0.02,0.96,2.01,4.09,2.69,953.8,32.83
3345546,-0.02,-0.02,0.97,1.83,4.09,2.69,953.81,32.81
3345596,-0.02,-0.02,0.99,2.01,3.72,2.69,953.83,32.81
3345634,-0.01,-0.02,1.0,2.01,3.91,2.93,953.79,32.8
3345672,-0.02,-0.02,1.0,1.77,3.54,2.75,953.8,32.81
3345710,-0.03,-0.01,1.02,2.01,3.48,2.99,953.9,32.82
3345749,-0.02,-0.02,1.02,2.01,3.91,2.75,953.84,32.83
3345787,-0.01,-0.01,1.03,2.2,3.78,2.99,953.92,32.83
3345825,-0.02,-0.02,1.02,2.26,4.09,2.93,953.89,32.82
3345863,-0.02,-0.02,1.02,2.14,4.03,2.99,953.86,32.83
3345901,-0.01,-0.02,1.0,2.14,4.52,2.93,953.9,32.8
3345951,-0.02,-0.01,1.0,2.38,4.09,3.05,953.87,32.81
3345989,-0.02,-0.02,1.0,2.14,4.27,3.11,953.92,32.82
3346027,-0.01,-0.02,1.01,2.32,4.15,2.99,953.88,32.81
3346066,-0.01,-0.02,1.01,2.2,4.09,3.05,953.96,32.82
3346104,-0.01,-0.02,1.0,2.2,3.85,3.17,953.9,32.83
3346142,-0.03,-0.03,1.01,2.2,3.66,3.17,953.97,32.82
3346180,-0.02,-0.03,1.0,2.08,3.66,3.11,953.92,32.81
3346218,-0.01,-0.03,0.99,2.2,3.42,3.11,953.98,32.83
3346256,-0.02,-0.03,0.99,2.44,3.17,3.05,953.98,32.82
3346295,-0.01,-0.03,1.0,2.44,3.54,3.11,954.03,32.83
3346345,-0.0,-0.02,1.03,2.26,3.48,3.05,953.99,32.82
3346383,-0.01,-0.02,1.04,2.26,3.42,3.17,953.99,32.81
3346421,-0.01,-0.02,1.06,2.08,3.6,3.05,953.95,32.82
3346459,-0.0,-0.02,1.08,1.95,3.54,2.93,953.98,32.81
3346497,-0.0,-0.02,1.11,1.83,2.99,3.11,954.01,32.83
3346535,-0.02,-0.03,1.08,1.65,4.64,2.87,954.11,32.83
3346573,-0.01,-0.02,1.05,1.95,5.37,2.75,954.1,32.84
3346611,-0.0,-0.0,1.08,2.26,4.94,2.87,954.17,32.83
3346650,-0.01,-0.02,1.05,2.44,4.15,2.93,954.08,32.83
3346688,-0.01,-0.02,1.08,2.5,3.66,2.87,954.07,32.84
3346737,-0.01,-0.03,1.1,2.5,4.76,3.05,954.07,32.81
3346776,0.0,-0.02,1.1,2.69,4.52,3.05,954.12,32.83
3346814,-0.02,-0.01,1.07,2.62,5.07,3.17,954.08,32.82
3346852,-0.01,-0.01,1.07,2.69,5.86,2.75,954.13,32.83
3346890,-0.01,-0.03,1.06,2.56,6.9,2.75,954.09,32.84
3346928,-0.01,-0.03,1.07,2.56,7.32,2.87,954.11,32.83
3346966,-0.01,-0.03,1.06,2.69,8.42,2.75,954.14,32.83
3347005,0.01,-0.02,1.07,2.56,9.09,2.69,954.15,32.83
3347043,-0.0,-0.01,1.08,2.81,10.19,2.69,954.05,32.82
3347093,-0.0,-0.03,1.08,2.99,11.78,2.81,954.07,32.81
3347131,-0.0,-0.03,1.08,2.75,13.06,2.44,954.14,32.82
3347169,-0.01,-0.02,1.08,2.87,14.4,2.5,954.12,32.82
3347207,0.01,-0.03,1.07,3.36,15.56,2.5,954.03,32.83
3347245,0.01,-0.03,1.03,3.48,16.78,2.14,954.08,32.84
3347283,0.01,-0.03,1.0,3.72,17.7,2.2,954.02,32.82
3347321,0.02,-0.04,0.98,3.91,18.19,2.2,954.03,32.83
3347360,0.02,-0.04,0.97,4.03,18.68,2.01,954.01,32.82
3347398,0.02,-0.04,0.95,3.85,19.23,2.08,954.07,32.83
3347436,0.01,-0.04,0.99,4.27,19.35,1.89,954.08,32.83
3347486,0.03,-0.05,0.94,3.66,19.53,1.71,954.04,32.82
3347524,0.02,-0.04,0.96,3.72,19.65,1.83,954.12,32.83
3347562,0.03,-0.05,0.93,3.6,19.96,1.65,954.07,32.82
3347600,0.03,-0.05,0.91,3.72,19.9,1.65,954.12,32.83
3347638,0.02,-0.05,0.9,3.42,19.35,1.59,954.13,32.83
3347676,0.03,-0.05,0.88,3.23,19.29,1.53,954.13,32.83
3347715,0.04,-0.05,0.89,3.17,18.86,1.22,954.08,32.81
3347753,0.04,-0.05,0.89,2.87,18.68,1.28,954.17,32.83
3347791,0.04,-0.05,0.91,2.93,18.37,1.28,954.16,32.84
3347829,0.04,-0.04,0.9,2.81,17.58,1.1,954.08,32.82
3347879,0.04,-0.04,0.96,2.75,16.78,1.16,954.11,32.81
3347917,0.03,-0.05,0.91,2.26,16.36,1.04,954.14,32.82
3347955,0.04,-0.04,0.95,2.26,16.11,0.85,954.1,32.83
3347993,-0.02,-0.04,0.87,1.59,16.91,0.73,954.16,32.83
3348031,0.04,-0.04,0.91,1.77,16.11,0.55,954.12,32.83
3348070,0.05,-0.05,0.88,1.65,17.33,0.37,954.15,32.83
3348108,0.04,-0.05,0.89,1.46,16.6,0.06,954.14,32.83
3348146,0.05,-0.04,0.92,1.28,16.91,0.0,954.13,32.82
3348184,0.04,-0.04,0.92,1.1,16.48,-0.06,954.14,32.82
3348260,0.06,-0.04,0.95,0.61,16.85,-0.31,954.12,32.79
3348298,0.07,-0.04,0.97,0.55,15.81,-0.49,954.21,32.8
3348336,0.05,-0.04,0.93,0.18,16.91,-0.49,954.16,32.81
3348426,0.05,-0.04,0.88,0.12,16.97,-0.85,954.26,32.78
3348464,0.05,-0.04,0.93,0.18,15.26,-1.16,954.3,32.8
3348502,0.06,-0.04,0.94,-0.18,16.17,-1.59,954.3,32.81
3348540,0.05,-0.04,0.97,-0.18,14.95,-1.71,954.33,32.8
3348578,0.05,-0.03,1.01,-0.55,14.53,-1.95,954.35,32.81
3348616,0.06,-0.04,1.02,-0.92,13.92,-2.08,954.37,32.8
3348655,0.05,-0.03,1.05,-1.34,13.24,-2.5,954.36,32.81
3348704,0.04,-0.03,1.07,-1.46,11.72,-2.87,954.36,32.8
3348743,0.05,-0.02,1.08,-1.53,10.62,-2.81,954.37,32.8
3348781,0.05,-0.02,1.11,-1.59,9.34,-3.23,954.42,32.82
3348819,0.05,-0.03,1.11,-1.46,8.73,-3.54,954.4,32.81
3348857,0.03,-0.02,1.1,-1.46,6.9,-3.66,954.42,32.81
3348895,0.04,-0.03,1.1,-1.34,5.98,-3.91,954.44,32.81
3348933,0.03,-0.03,1.08,-1.53,4.58,-4.09,954.44,32.82
3348971,0.03,-0.03,1.1,-1.34,3.36,-4.52,954.48,32.81
3349010,0.03,-0.04,1.05,-1.71,3.17,-4.64,954.52,32.81
3349059,0.04,-0.02,1.07,-2.01,1.1,-5.07,954.46,32.81
3349098,0.02,-0.02,1.04,-2.69,1.4,-5.31,954.46,32.81
3349136,0.03,-0.02,1.1,-3.05,0.24,-5.49,954.5,32.81
3349174,0.04,-0.03,1.14,-3.17,-0.12,-5.74,954.52,32.81
3349212,0.02,-0.03,1.15,-3.6,-0.12,-6.1,954.47,32.81
3349250,0.02,-0.02,1.19,-3.54,-0.18,-6.53,954.59,32.82
3349288,0.02,-0.02,1.16,-3.66,1.04,-6.71,954.55,32.81
3349326,0.01,-0.01,1.18,-2.99,0.12,-7.08,954.57,32.81
3349364,0.02,-0.02,1.16,-2.93,0.55,-7.39,954.62,32.81
3349403,0.01,-0.01,1.16,-2.75,0.85,-7.87,954.6,32.83
3349453,0.02,-0.02,1.14,-1.95,1.34,-8.36,954.63,32.81
3349491,0.0,-0.02,1.14,-1.77,1.22,-8.73,954.63,32.81
3349529,0.01,-0.03,1.09,-1.83,1.77,-8.73,954.65,32.82
3349567,0.02,-0.03,1.06,-1.53,1.77,-9.22,954.63,32.81
3349605,0.01,-0.05,0.94,-1.65,2.08,-9.4,954.6,32.81
3349643,0.02,-0.04,0.93,-1.46,-0.24,-9.64,954.57,32.81
3349681,0.02,-0.06,0.86,-1.71,1.22,-9.95,954.66,32.82
3349719,0.01,-0.05,0.84,-1.71,0.31,-10.19,954.65,32.83
3349758,-0.0,-0.05,0.84,-1.95,0.55,-10.44,954.64,32.82
3349807,-0.0,-0.04,0.86,-2.14,-0.24,-10.8,954.65,32.81
3349846,-0.01,-0.04,0.91,-2.56,0.37,-11.11,954.65,32.82
3349884,0.0,-0.05,0.96,-2.99,0.06,-11.29,954.71,32.82
3349922,-0.0,-0.04,1.02,-3.05,-0.31,-11.35,954.67,32.83
3349960,-0.0,-0.04,1.02,-3.05,0.0,-11.66,954.69,32.82
3349998,-0.02,-0.02,1.06,-2.99,-0.24,-11.78,954.69,32.82
3350036,-0.01,-0.03,1.06,-3.11,0.24,-11.84,954.74,32.83
3350074,-0.03,-0.03,1.06,-3.11,-0.31,-12.15,954.81,32.82
3350113,-0.02,-0.02,1.08,-3.11,0.0,-12.08,954.82,32.82
3350162,-0.02,-0.02,1.1,-2.99,0.37,-12.15,954.77,32.81
3350201,-0.03,-0.01,1.12,-2.87,0.12,-12.27,954.83,32.81
3350239,-0.04,-0.01,1.14,-2.93,0.06,-12.33,954.81,32.82
3350277,-0.04,-0.01,1.15,-2.75,0.37,-12.39,954.87,32.82
3350315,-0.03,-0.01,1.16,-2.62,0.12,-12.33,954.89,32.83
3350353,-0.05,-0.0,1.16,-2.44,0.37,-12.33,954.92,32.82
3350391,-0.04,-0.0,1.16,-2.26,0.43,-12.33,954.83,32.82
3350429,-0.04,-0.01,1.15,-2.08,0.49,-12.33,954.85,32.81
3350468,-0.05,-0.01,1.14,-2.08,0.92,-12.15,954.87,32.82
3350517,-0.06,-0.0,1.14,-1.71,1.46,-12.21,954.91,32.81
3350555,-0.06,-0.01,1.14,-1.71,2.14,-11.96,954.93,32.81
3350594,-0.06,-0.01,1.14,-1.46,2.87,-12.08,955.0,32.82
3350632,-0.06,-0.01,1.15,-1.28,3.66,-11.9,954.99,32.82
3350670,-0.06,-0.01,1.13,-1.4,4.64,-11.6,954.93,32.81
3350708,-0.07,-0.01,1.14,-1.28,4.39,-11.66,955.02,32.83
3350746,-0.07,-0.0,1.14,-1.04,4.7,-11.29,954.93,32.83
3350784,-0.06,-0.01,1.14,-1.1,4.76,-11.11,955.01,32.82
3350822,-0.07,-0.0,1.15,-0.92,4.76,-10.8,955.0,32.81
3350872,-0.06,-0.0,1.13,-0.98,4.46,-10.5,955.0,32.82
3350910,-0.07,-0.0,1.13,-1.16,4.46,-10.25,954.91,32.8
3350948,-0.07,-0.01,1.1,-1.34,4.46,-10.07,955.02,32.82
3350987,-0.07,-0.0,1.12,-1.4,3.91,-9.7,954.94,32.81
3351025,-0.08,-0.0,1.12,-1.65,4.39,-9.52,954.94,32.82
3351063,-0.07,-0.0,1.13,-1.83,3.66,-9.28,954.96,32.82
3351101,-0.08,0.0,1.15,-1.71,4.09,-8.97,954.97,32.82
3351139,-0.07,0.0,1.16,-1.59,4.15,-8.79,954.98,32.81
3351177,-0.08,0.01,1.17,-1.4,3.36,-8.48,954.99,32.81
3351215,-0.08,0.0,1.16,-0.98,3.85,-8.18,955.01,32.83
3351291,-0.08,0.0,1.14,-0.24,3.72,-7.87,954.99,32.78
3351329,-0.08,0.0,1.13,-0.06,3.05,-7.51,955.01,32.81
3351368,-0.08,-0.0,1.13,0.31,2.62,-7.26,955.01,32.82
3351457,-0.09,-0.01,1.11,0.73,2.2,-6.59,955.07,32.78
3351495,-0.08,-0.01,1.1,0.85,2.14,-6.41,955.09,32.8
3351533,-0.08,-0.01,1.1,0.92,1.89,-6.1,955.01,32.78
3351572,-0.09,-0.01,1.08,1.04,1.77,-5.86,955.07,32.8
3351610,-0.09,-0.01,1.06,1.22,1.04,-5.62,955.07,32.8
3351648,-0.08,-0.01,1.06,1.16,1.1,-5.49,955.07,32.8
3351698,-0.08,-0.01,1.04,1.1,0.73,-5.19,955.1,32.79
3351736,-0.08,-0.02,1.02,0.85,0.49,-5.0,955.08,32.8
3351774,-0.08,-0.03,0.99,0.73,0.73,-4.82,955.06,32.8
3351812,-0.08,-0.02,1.0,0.61,0.55,-4.7,955.09,32.79
3351850,-0.07,-0.02,0.99,0.43,1.04,-4.46,955.15,32.8
3351888,-0.08,-0.03,0.98,0.18,0.49,-4.39,955.13,32.8
3351927,-0.08,-0.02,0.98,0.12,1.16,-4.21,955.08,32.81
3351965,-0.08,-0.02,0.98,-0.06,0.98,-4.27,955.2,32.82
3352003,-0.08,-0.02,0.98,-0.24,1.34,-4.03,955.15,32.8
3352041,-0.07,-0.03,0.98,-0.37,1.16,-3.91,955.26,32.81
3352091,-0.09,-0.03,1.0,-0.43,1.46,-3.85,955.21,32.78
3352129,-0.08,-0.02,1.0,-0.37,1.59,-3.66,955.2,32.8
3352167,-0.08,-0.02,1.01,-0.24,1.59,-3.6,955.22,32.81
3352205,-0.08,-0.02,0.99,-0.18,1.71,-3.3,955.17,32.8
3352243,-0.08,-0.02,1.01,-0.06,1.34,-3.23,955.24,32.81
3352282,-0.07,-0.02,1.0,-0.12,1.89,-3.17,955.27,32.81
3352320,-0.07,-0.02,1.0,0.12,1.4,-3.11,955.24,32.8
3352358,-0.08,-0.02,1.0,0.37,1.34,-2.93,955.27,32.82
3352396,-0.08,-0.02,1.0,0.18,1.4,-2.81,955.27,32.8
3352446,-0.08,-0.02,1.0,0.37,1.53,-2.62,955.35,32.8
3352484,-0.07,-0.02,1.0,0.37,1.89,-2.5,955.31,32.81
3352522,-0.08,-0.02,1.0,0.67,1.95,-2.44,955.42,32.82
3352560,-0.07,-0.02,1.0,0.49,2.75,-2.26,955.39,32.8
3352599,-0.08,-0.02,1.01,0.61,3.36,-2.08,955.39,32.81
3352637,-0.07,-0.02,1.01,0.55,4.21,-2.01,955.44,32.81
3352675,-0.07,-0.02,1.01,0.92,5.07,-2.01,955.49,32.82
3352713,-0.08,-0.02,1.02,0.79,5.92,-1.95,955.42,32.83
3352751,-0.08,-0.02,1.03,0.92,6.53,-1.59,955.43,32.81
3352801,-0.08,-0.02,1.02,0.85,7.39,-1.4,955.42,32.8
3352839,-0.07,-0.02,1.03,1.1,7.75,-1.22,955.44,32.81
3352877,-0.07,-0.01,1.03,1.34,8.06,-0.92,955.46,32.8
3352915,-0.07,-0.02,1.03,1.46,8.12,-0.67,955.48,32.83
3352953,-0.07,-0.02,1.05,1.59,8.0,-0.55,955.49,32.81
3352992,-0.06,-0.02,1.05,1.59,8.18,-0.24,955.51,32.83
3353030,-0.06,-0.02,1.05,1.53,7.57,-0.12,955.53,32.81
3353068,-0.05,-0.02,1.05,1.71,7.45,-0.06,955.5,32.81
3353106,-0.06,-0.02,1.04,1.77,7.32,0.18,955.54,32.81
3353144,-0.05,-0.03,1.04,1.59,6.84,0.31,955.53,32.83
3353194,-0.05,-0.03,1.01,1.53,5.8,0.67,955.6,32.81
3353232,-0.05,-0.02,1.0,1.65,4.82,0.85,955.65,32.82
3353270,-0.04,-0.03,1.0,1.4,4.46,0.98,955.65,32.81
3353308,-0.04,-0.03,1.01,1.46,3.54,0.98,955.7,32.82
3353346,-0.04,-0.03,1.0,1.28,3.3,0.85,955.72,32.83
3353385,-0.04,-0.03,1.0,1.16,3.05,0.92,955.67,32.83
3353423,-0.04,-0.03,0.99,0.98,3.36,0.79,955.69,32.82
3353461,-0.03,-0.03,0.98,0.98,3.23,0.73,955.68,32.82
3353499,-0.03,-0.03,0.98,0.85,3.42,0.92,955.69,32.83
3353537,-0.03,-0.03,0.98,0.73,3.6,0.85,955.71,32.83
3353587,-0.02,-0.04,1.0,0.37,3.6,0.55,955.7,32.81
3353625,-0.04,-0.03,1.0,0.18,3.3,0.67,955.78,32.84
3353663,-0.03,-0.03,1.02,0.06,3.42,0.73,955.74,32.83
3353702,-0.03,-0.03,1.01,-0.06,3.42,0.43,955.8,32.83
3353740,-0.02,-0.03,1.02,-0.24,3.48,0.37,955.79,32.82
3353778,-0.03,-0.04,1.02,0.0,3.36,0.31,955.81,32.82
3353816,-0.02,-0.03,1.02,0.0,3.11,0.31,955.77,32.82
3353854,-0.02,-0.03,1.03,-0.18,3.17,0.0,955.88,32.84
3353892,-0.02,-0.03,1.03,-0.24,3.36,-0.06,955.82,32.81
3353942,-0.02,-0.03,1.02,-0.18,2.81,-15.62,955.89,32.82
3353980,-0.02,-0.03,1.02,-0.43,2.62,-0.24,955.87,32.82
3354018,-0.01,-0.03,1.03,-0.37,2.44,-0.31,955.87,32.81
3354056,-0.02,-0.03,1.06,-0.24,2.44,-0.43,955.89,32.82
3354095,-0.01,-0.03,1.08,-0.18,2.38,-0.43,955.91,32.83
3354133,-0.02,-0.03,1.08,-0.37,2.38,-0.43,955.91,32.82
3354171,-0.01,-0.03,1.09,0.0,2.75,-0.85,955.91,32.82
3354209,-0.01,-0.03,1.09,0.18,2.56,-0.79,956.0,32.85
3354247,-0.02,-0.02,1.1,0.37,2.14,-0.92,955.98,32.83
3354285,-0.02,-0.03,1.08,0.55,2.87,-1.04,956.01,32.84
3354361,-0.01,-0.03,1.09,1.34,2.69,-1.34,955.95,32.81
3354399,-0.02,-0.03,1.05,1.22,3.36,-1.53,956.02,32.81
3354437,-0.02,-0.03,1.07,1.53,3.23,-1.65,956.02,32.81
3354527,-0.01,-0.02,1.07,1.46,3.72,-1.89,956.06,32.79
3354565,-0.02,-0.02,1.1,1.22,4.15,-1.89,956.03,32.81
3354603,-0.01,-0.02,1.12,1.04,4.27,-1.83,956.03,32.8
3354641,-0.02,-0.02,1.14,0.67,4.09,-2.01,956.05,32.81
3354680,-0.02,-0.02,1.16,0.98,4.33,-1.89,956.03,32.81
3354718,-0.01,-0.03,1.12,0.79,4.58,-2.01,956.07,32.81
3354768,-0.01,-0.02,1.1,0.92,4.33,-2.08,956.11,32.81
3354806,-0.02,-0.03,1.07,1.04,4.21,-1.95,956.1,32.81
3354844,-0.02,-0.03,1.06,1.1,3.72,-2.2,956.12,32.82
3354882,-0.01,-0.03,1.06,0.98,3.85,-2.14,956.14,32.81
3354920,-0.01,-0.03,1.07,0.98,3.6,-2.26,956.16,32.82
3354958,-0.01,-0.03,1.08,1.1,3.66,-2.2,956.12,32.83
3354996,-0.01,-0.03,1.07,0.92,3.42,-2.26,956.07,32.81
3355035,-0.02,-0.03,1.08,0.79,3.42,-2.44,956.18,32.83
3355073,-0.02,-0.03,1.07,0.79,3.42,-2.44,956.13,32.82
3355122,-0.02,-0.03,1.08,0.73,3.42,-2.56,956.18,32.8
3355161,-0.02,-0.03,1.07,0.67,3.54,-2.75,956.2,32.81
3355199,-0.01,-0.02,1.1,0.67,3.66,-2.5,956.24,32.81
3355237,-0.02,-0.03,1.09,0.67,4.39,-2.62,956.22,32.82
3355275,-0.02,-0.02,1.11,1.04,4.52,-2.69,956.22,32.8
3355313,-0.02,-0.02,1.11,1.46,5.8,-2.5,956.18,32.82
3355351,-0.02,-0.02,1.12,1.46,6.04,-2.62,956.23,32.83
3355390,-0.01,-0.02,1.13,1.95,6.9,-2.69,956.32,32.83
3355428,-0.02,-0.02,1.12,1.95,7.32,-2.44,956.28,32.81
3355466,-0.01,-0.02,1.11,2.26,7.51,-2.62,956.27,32.82
3355516,-0.02,-0.02,1.09,2.08,8.54,-2.38,956.24,32.82
3355554,-0.01,-0.02,1.13,2.26,7.26,-2.26,956.28,32.82
3355592,-0.01,-0.02,1.1,2.2,7.57,-2.01,956.3,32.84
3355630,-0.01,-0.02,1.09,1.95,6.9,-2.01,956.3,32.83
3355668,-0.01,-0.02,1.13,2.2,6.71,-1.83,956.31,32.83
3355706,-0.01,-0.02,1.1,1.65,7.02,-1.89,956.36,32.82
3355744,-0.02,-0.01,1.11,1.77,6.35,-1.77,956.32,32.82
3355783,-0.03,-0.02,1.11,1.59,6.47,-1.59,956.34,32.82
3355821,-0.01,-0.04,1.07,1.53,6.71,-1.83,956.32,32.83
3355870,-0.0,-0.04,1.06,2.01,7.45,-1.89,956.35,32.81
3355909,-0.0,-0.04,1.03,1.77,7.14,-1.65,956.35,32.82
3355947,-0.02,-0.02,1.05,2.14,6.65,-1.71,956.39,32.83
3355985,-0.02,-0.04,1.03,1.77,8.06,-1.71,956.44,32.82
3356023,-0.01,-0.04,1.05,1.77,7.63,-1.71,956.38,32.83
3356061,-0.02,-0.04,1.05,1.77,8.36,-1.77,956.38,32.82
3356099,-0.01,-0.03,1.05,1.59,8.12,-1.65,956.42,32.82
3356137,-0.0,-0.03,1.09,1.53,8.42,-1.53,956.42,32.81
3356175,-0.01,-0.03,1.07,1.1,8.36,-1.65,956.38,32.82
3356214,-0.03,-0.03,1.13,1.1,8.0,-1.53,956.39,32.83
3356263,-0.0,-0.04,1.12,0.61,9.34,-1.4,956.39,32.81
3356301,0.01,-0.02,1.14,0.43,8.42,-1.34,956.43,32.82
3356340,-0.0,-0.02,1.16,0.24,8.67,-1.34,956.35,32.81
3356378,-0.0,-0.04,1.12,0.37,9.58,-1.46,956.49,32.82
3356416,0.0,-0.04,1.13,0.55,9.89,-1.65,956.43,32.82
3356454,0.01,-0.04,1.11,0.79,10.19,-1.53,956.5,32.83
3356492,-0.0,-0.04,1.07,0.85,10.07,-1.46,956.45,32.82
3356530,0.0,-0.04,1.06,0.73,10.07,-1.53,956.43,32.8
3356568,0.03,-0.06,1.04,0.61,10.68,-1.53,956.47,32.83
3356618,0.02,-0.05,1.04,0.43,9.16,-1.59,956.46,32.81
3356656,-0.0,-0.05,1.04,0.12,9.34,-1.59,956.45,32.81
3356694,0.02,-0.05,1.07,0.24,8.73,-1.77,956.49,32.83
3356733,0.04,-0.05,1.08,-0.18,7.93,-1.89,956.52,32.82
3356771,0.01,-0.06,1.08,-0.43,6.29,-1.89,956.49,32.82
3356809,0.02,-0.05,1.12,-0.92,5.74,-2.08,956.49,32.82
3356847,0.01,-0.05,1.12,-0.98,5.74,-2.2,956.5,32.82
3356885,0.02,-0.04,1.1,-1.4,4.03,-2.32,956.52,32.82
3356923,-0.0,-0.04,1.14,-1.59,1.89,-2.2,956.47,32.83
3356962,0.01,-0.05,1.13,-2.08,2.01,-2.56,956.48,32.82
3357011,0.02,-0.05,1.21,-2.26,0.43,-2.69,956.54,32.82
3357050,0.02,-0.05,1.2,-2.38,0.37,-2.93,956.49,32.82
3357088,0.01,-0.04,1.24,-2.44,-0.43,-3.11,956.48,32.82
3357126,0.02,-0.04,1.25,-2.75,-0.12,-3.36,956.46,32.81
3357164,0.01,-0.04,1.25,-2.87,-1.4,-3.48,956.52,32.82
3357202,-0.01,-0.04,1.27,-3.11,-1.1,-3.78,956.49,32.83
3357240,0.02,-0.03,1.28,-3.36,-1.04,-3.91,956.46,32.83
3357278,0.01,-0.02,1.32,-3.23,-1.1,-4.09,956.46,32.83
3357317,-0.0,-0.02,1.35,-3.17,-1.28,-4.09,956.49,32.82
3357392,-0.01,-0.02,1.39,-2.93,-0.73,-4.27,956.5,32.8
3357430,-0.01,-0.01,1.41,-2.75,-0.37,-4.46,956.49,32.81
3357469,0.01,-0.01,1.4,-2.56,0.0,-4.58,956.51,32.82
3357558,0.01,-0.01,1.38,-1.65,1.59,-4.7,956.47,32.77
3357596,0.0,-0.01,1.39,-1.22,1.89,-5.07,956.45,32.78
3357634,-0.01,-0.01,1.37,-0.92,2.93,-5.19,956.54,32.8
3357672,-0.01,-0.02,1.36,-0.67,3.78,-5.13,956.52,32.8
3357710,-0.0,-0.02,1.4,-0.12,4.88,-5.37,956.52,32.8
3357749,0.01,-0.02,1.34,-0.12,6.04,-5.68,956.57,32.81
3357787,0.0,-0.01,1.36,0.49,6.23,-5.49,956.59,32.81
3357836,-0.0,-0.03,1.3,0.61,7.51,-5.49,956.56,32.81
3357875,0.01,-0.02,1.3,0.79,7.2,-5.62,956.55,32.81
3357913,-0.0,-0.02,1.25,0.73,7.39,-5.55,956.54,32.8
3357951,0.0,-0.02,1.27,0.55,6.84,-5.68,956.52,32.81
3357989,0.01,-0.03,1.25,-0.06,7.08,-5.55,956.46,32.81
3358027,0.01,-0.02,1.29,-0.43,6.04,-5.62,956.5,32.82
3358065,0.0,-0.03,1.27,-0.79,6.16,-5.68,956.51,32.83
3358103,-0.0,-0.02,1.3,-1.04,5.55,-5.62,956.51,32.81
3358142,-0.01,-0.02,1.32,-1.1,5.68,-5.37,956.5,32.82
3358191,-0.0,-0.04,1.26,-1.46,5.62,-5.49,956.45,32.81
3358229,-0.0,-0.02,1.3,-1.04,4.33,-5.49,956.5,32.81
3358268,0.0,-0.03,1.25,-1.4,5.49,-5.49,956.43,32.82
3358306,0.0,-0.02,1.25,-1.16,4.94,-5.55,956.47,32.82
3358344,-0.0,-0.02,1.29,-0.67,5.37,-5.68,956.43,32.81
3358382,-0.0,-0.04,1.25,-0.79,6.04,-5.62,956.5,32.82
3358420,-0.01,-0.03,1.3,-0.12,6.23,-5.74,956.52,32.83
3358458,0.01,-0.04,1.27,0.31,7.45,-5.74,956.5,32.83
3358496,0.02,-0.03,1.22,0.79,7.93,-5.92,956.46,32.83
3358535,0.01,-0.03,1.21,1.22,7.81,-5.8,956.44,32.83
3358584,0.02,-0.05,1.13,1.53,9.03,-5.98,956.42,32.8
3358623,-0.0,-0.05,1.11,1.59,8.79,-6.1,956.48,32.82
3358661,0.01,-0.06,1.08,1.71,9.03,-6.35,956.46,32.82
3358699,0.02,-0.04,1.1,1.89,8.91,-6.47,956.45,32.83
3358737,0.02,-0.06,1.06,1.22,9.16,-6.41,956.34,32.83
3358775,0.01,-0.06,1.06,1.16,7.75,-6.47,956.45,32.82
3358813,-0.0,-0.06,1.03,0.67,7.81,-6.59,956.43,32.83
3358851,0.0,-0.06,1.02,0.18,6.71,-6.77,956.38,32.82
3358890,0.01,-0.06,1.02,-0.31,6.35,-6.96,956.42,32.82
3358939,-0.0,-0.06,0.99,-0.49,4.82,-6.77,956.39,32.8
3358978,0.0,-0.06,0.99,-0.67,5.19,-7.02,956.36,32.81
3359016,-0.0,-0.06,0.97,-1.16,5.86,-7.14,956.38,32.82
3359054,-0.0,-0.05,1.04,-0.98,4.39,-7.02,956.36,32.82
3359092,-0.0,-0.07,0.99,-1.65,6.23,-7.51,956.34,32.81
3359130,0.01,-0.05,1.03,-1.22,5.07,-7.69,956.36,32.82
3359168,0.02,-0.06,0.98,-1.22,6.16,-7.75,956.32,32.82
3359206,0.02,-0.08,0.91,-1.53,4.27,-7.81,956.33,32.82
3359245,0.0,-0.07,0.91,-1.65,4.15,-8.06,956.34,32.83
3359283,-0.01,-0.07,0.92,-1.59,3.78,-8.3,956.35,32.83
3359332,0.01,-0.06,0.89,-2.01,3.42,-8.67,956.28,32.8
3359371,-0.01,-0.06,0.96,-2.01,3.3,-8.79,956.28,32.83
3359409,0.01,-0.08,0.98,-2.44,4.82,-8.91,956.29,32.82
3359447,-0.01,-0.06,1.06,-2.2,4.39,-9.34,956.24,32.82
3359485,-0.03,-0.04,1.11,-2.44,4.46,-8.91,956.32,32.83
3359523,0.0,-0.05,1.14,-2.69,5.19,-9.4,956.33,32.83
3359561,-0.03,-0.03,1.15,-2.5,5.8,-9.77,956.25,32.82
3359600,-0.02,-0.03,1.17,-2.38,6.16,-9.77,956.28,32.82
3359638,-0.01,-0.04,1.18,-2.5,7.08,-9.83,956.27,32.83
3359687,-0.02,-0.03,1.27,-2.26,6.77,-9.77,956.22,32.8
3359726,-0.01,-0.04,1.22,-2.99,7.26,-9.58,956.27,32.82
3359764,-0.03,-0.03,1.22,-2.5,5.43,-9.52,956.23,32.82
3359802,-0.02,-0.03,1.21,-2.75,6.04,-9.64,956.2,32.83
3359840,-0.02,-0.02,1.24,-2.44,5.92,-9.64,956.24,32.82
3359878,-0.02,-0.04,1.18,-2.14,6.1,-9.58,956.23,32.82
3359916,-0.02,-0.03,1.22,-1.95,4.09,-9.58,956.17,32.82
3359955,-0.03,-0.04,1.22,-1.83,5.25,-9.4,956.22,32.83
3359993,-0.03,-0.04,1.19,-1.89,4.88,-9.7,956.07,32.82
3360042,-0.04,-0.03,1.17,-1.77,5.86,-9.7,956.18,32.83
3360081,-0.01,-0.04,1.2,-1.34,4.64,-10.01,956.14,32.81
3360119,-0.02,-0.05,1.15,-1.4,5.43,-9.83,956.05,32.82
3360157,-0.05,-0.04,1.1,-1.53,3.54,-9.52,956.1,32.83
3360195,-0.05,-0.04,1.1,-1.22,2.56,-9.64,956.06,32.82
3360233,-0.03,-0.05,1.03,-1.53,2.75,-9.52,956.09,32.83
3360271,-0.04,-0.04,1.06,-1.28,1.65,-9.28,956.11,32.84
3360309,-0.05,-0.05,0.98,-1.28,1.77,-9.16,956.03,32.82
3360348,-0.06,-0.06,0.92,-1.1,0.06,-9.03,956.0,32.81
3360386,-0.03,-0.07,0.91,-1.22,0.0,-9.16,956.0,32.82
3360462,-0.07,-0.07,0.87,-0.98,-2.08,-8.73,955.92,32.8
3360500,-0.05,-0.07,0.82,-1.34,-1.22,-8.61,955.95,32.82
3360538,-0.07,-0.06,0.86,-1.22,-1.16,-8.85,955.95,32.81
3360702,-0.1,-0.06,0.93,-1.95,2.32,-8.61,955.96,32.75
3360740,-0.08,-0.05,0.94,-2.01,2.56,-8.36,955.91,32.78
3360778,-0.07,-0.05,0.94,-2.08,2.93,-8.36,955.91,32.78
3360816,-0.1,-0.04,0.88,-2.44,4.27,-8.0,955.89,32.78
3360854,-0.08,-0.03,0.97,-1.46,3.05,-7.81,955.92,32.79
3360892,-0.08,-0.07,0.91,-2.14,4.94,-7.69,955.81,32.8
3360942,-0.12,-0.03,0.98,-1.46,3.54,-7.32,955.87,32.78
3360980,-0.1,-0.04,1.0,-1.22,5.74,-7.08,955.81,32.8
3361019,-0.09,-0.03,1.02,-1.65,4.7,-6.96,955.8,32.8
3361057,-0.11,-0.03,1.09,-1.77,4.27,-6.53,955.74,32.79
3361095,-0.12,-0.05,1.04,-1.71,5.43,-6.1,955.76,32.8
3361133,-0.09,-0.01,1.09,-1.59,4.15,-6.04,955.75,32.8
3361171,-0.1,-0.03,1.1,-1.53,4.39,-5.74,955.76,32.81
3361209,-0.11,-0.03,1.1,-1.16,4.15,-5.31,955.73,32.81
3361247,-0.09,-0.02,1.21,-0.79,5.0,-5.25,955.76,32.8
3361297,-0.09,-0.03,1.21,-1.04,6.9,-4.94,955.7,32.79
3361335,-0.12,-0.01,1.28,-0.73,6.65,-4.64,955.75,32.81
3361374,-0.13,-0.0,1.35,-0.67,7.2,-4.27,955.74,32.81
3361412,-0.09,-0.02,1.32,-0.98,8.06,-4.33,955.77,32.8
3361450,-0.07,-0.01,1.3,-0.67,9.16,-4.27,955.81,32.81
3361488,-0.08,-0.0,1.25,-0.55,10.31,-3.85,955.83,32.8
3361526,-0.05,-0.03,1.19,-1.1,11.72,-3.66,955.79,32.81
3361564,-0.07,-0.02,1.21,-1.53,11.72,-3.66,955.82,32.81
3361602,-0.08,-0.03,1.22,-2.81,11.96,-3.23,955.76,32.81
3361652,-0.06,-0.05,1.2,-4.27,11.47,-3.48,955.76,32.79
3361690,-0.05,-0.02,1.26,-5.25,9.89,-3.3,955.78,32.81
3361728,-0.03,-0.02,1.29,-5.8,10.13,-2.87,955.74,32.81
3361767,-0.03,-0.02,1.28,-6.41,9.09,-2.99,955.75,32.81
3361805,-0.05,0.0,1.33,-7.39,7.32,-2.93,955.76,32.82
3361843,-0.04,0.0,1.39,-8.0,6.84,-2.62,955.76,32.8
3361881,-0.04,-0.0,1.42,-8.0,7.02,-2.69,955.72,32.81
3361919,-0.01,0.01,1.46,-8.06,6.41,-2.62,955.82,32.81
3361957,-0.04,0.03,1.48,-7.57,5.8,-2.69,955.72,32.81
3361995,-0.05,0.01,1.44,-7.2,5.92,-2.5,955.76,32.81
3362045,-0.04,0.0,1.45,-6.65,6.16,-2.69,955.69,32.8
3362083,-0.01,0.02,1.45,-6.23,6.04,-2.69,955.71,32.8
3362121,-0.03,0.02,1.45,-6.35,5.43,-2.5,955.8,32.81
3362160,-0.01,0.0,1.41,-6.84,4.76,-2.5,955.7,32.81
3362198,-0.02,0.01,1.44,-7.51,3.85,-2.81,955.69,32.82
3362236,-0.0,0.01,1.46,-8.18,5.31,-2.81,955.62,32.8
3362274,0.0,0.02,1.43,-8.3,4.64,-2.93,955.66,32.81
3362312,-0.01,0.04,1.48,-8.0,4.39,-3.23,955.62,32.81
3362350,-0.03,0.03,1.51,-8.3,4.82,-3.42,955.62,32.82
3362400,0.0,0.02,1.6,-7.87,5.0,-3.66,955.68,32.81
3362438,-0.01,0.04,1.6,-7.39,4.58,-3.85,955.64,32.81
3362476,-0.02,0.05,1.59,-6.1,5.74,-4.09,955.65,32.81
3362514,-0.0,0.02,1.48,-5.55,6.84,-4.33,955.63,32.8
3362552,-0.0,0.02,1.53,-4.21,5.49,-4.94,955.63,32.81
3362590,-0.01,0.01,1.47,-3.66,6.96,-4.82,955.67,32.81
3362629,-0.01,0.02,1.44,-2.69,5.92,-5.07,955.62,32.8
3362667,-0.0,0.02,1.45,-1.89,5.43,-5.25,955.63,32.82
3362705,-0.01,-0.0,1.41,-1.34,4.76,-5.07,955.57,32.81
3362743,-0.01,-0.03,1.37,-0.85,4.82,-5.07,955.59,32.82
3362793,0.02,0.0,1.33,-0.98,4.03,-5.43,955.43,32.8
3362831,0.0,0.0,1.35,-0.43,3.36,-5.31,955.49,32.82
3362869,0.01,0.0,1.32,-0.85,1.34,-5.31,955.41,32.82
3362907,-0.01,0.01,1.38,-1.28,0.0,-5.43,955.41,32.81
3362945,-0.02,-0.01,1.38,-1.77,-0.24,-5.31,955.4,32.82
3362983,0.02,0.0,1.43,-1.89,-1.4,-5.62,955.39,32.82
3363021,0.02,-0.01,1.44,-1.16,-0.37,-5.8,955.35,32.82
3363060,0.02,-0.02,1.3,-1.4,-0.49,-5.98,955.32,32.82
3363098,-0.01,0.0,1.36,-0.79,-0.92,-6.47,955.38,32.82
3363147,0.03,-0.05,1.16,-1.34,-0.24,-6.96,955.32,32.81
3363186,0.0,-0.01,1.22,-0.55,-1.53,-7.32,955.37,32.82
3363224,-0.01,-0.03,1.11,-0.92,-0.18,-7.32,955.3,32.81
3363262,-0.0,-0.05,1.15,0.0,-2.62,-7.75,955.26,32.81
3363300,0.01,-0.05,1.09,-0.18,-1.83,-8.06,955.23,32.82
3363338,-0.01,-0.04,1.05,-0.18,-1.34,-8.18,955.23,32.81
3363376,0.0,-0.04,1.04,-0.31,-0.18,-8.54,955.24,32.82
3363414,-0.02,-0.05,0.98,-0.37,-0.12,-8.85,955.24,32.82
3363452,-0.03,-0.06,1.0,-0.49,0.43,-8.91,955.24,32.82
3363528,-0.01,-0.03,0.95,-0.73,2.14,-9.4,955.09,32.78
3363566,-0.02,-0.03,0.94,-1.16,4.46,-9.4,955.13,32.8
3363605,-0.02,-0.04,0.99,-1.1,4.94,-9.09,955.13,32.81
3363694,-0.05,-0.04,0.98,-0.98,6.1,-9.52,955.17,32.77
3363732,-0.02,-0.03,1.04,-0.79,7.2,-9.58,955.14,32.78
3363771,-0.0,-0.05,0.98,-0.98,7.14,-9.58,955.03,32.8
3363809,-0.02,-0.04,0.99,-0.67,6.84,-9.58,954.97,32.78
3363847,-0.04,-0.04,0.94,-0.73,8.06,-9.52,955.06,32.79
3363885,-0.03,-0.03,0.99,-0.55,6.84,-9.4,954.88,32.79
3363923,-0.03,-0.03,0.98,-0.61,6.04,-9.4,954.94,32.81
3363973,-0.05,-0.04,1.01,-0.18,5.07,-9.34,954.89,32.79
3364011,-0.01,-0.04,0.98,-0.55,5.86,-9.34,954.93,32.81
3364049,-0.02,-0.03,0.97,0.0,3.97,-9.34,954.88,32.81
3364087,-0.03,-0.03,0.97,0.24,3.54,-9.28,954.86,32.81
3364125,-0.03,-0.04,0.94,0.43,3.23,-9.03,954.8,32.8
3364164,-0.04,-0.04,0.95,0.79,1.89,-9.28,954.77,32.81
3364202,-0.04,-0.04,0.98,1.04,1.28,-9.22,954.66,32.8
3364240,-0.03,-0.05,0.95,1.04,0.85,-9.22,954.76,32.81
3364278,-0.05,-0.04,0.94,1.46,0.31,-9.58,954.83,32.82
3364328,-0.03,-0.05,0.87,1.28,1.28,-9.64,954.76,32.82
3364366,-0.04,-0.04,0.88,1.77,1.04,-9.58,954.68,32.8
3364404,-0.05,-0.06,0.79,1.59,2.01,-9.4,954.73,32.81
3364442,-0.06,-0.05,0.78,2.14,1.59,-9.83,954.67,32.81
3364480,-0.05,-0.05,0.71,1.95,2.32,-9.89,954.66,32.81
3364518,-0.04,-0.04,0.71,2.14,0.85,-9.89,954.59,32.81
3364557,-0.05,-0.05,0.69,1.89,1.28,-9.64,954.62,32.82
3364595,-0.05,-0.06,0.69,1.77,-0.31,-9.7,954.55,32.82
3364633,-0.05,-0.05,0.73,1.95,-0.67,-9.7,954.58,32.82
3364671,-0.05,-0.05,0.71,1.53,-0.61,-9.58,954.52,32.82
3364721,-0.04,-0.05,0.8,1.83,-1.1,-9.64,954.56,32.82
3364759,-0.06,-0.05,0.8,1.28,-1.04,-9.52,954.52,32.82
3364797,-0.06,-0.05,0.86,1.4,-1.4,-9.4,954.42,32.8
3364835,-0.05,-0.04,0.83,0.92,-0.49,-9.52,954.42,32.81
3364873,-0.07,-0.03,0.84,1.04,-0.79,-9.58,954.52,32.82
3364912,-0.07,-0.05,0.83,0.67,0.0,-9.4,954.44,32.82
3364950,-0.06,-0.05,0.83,0.61,-0.12,-9.4,954.39,32.81
3364988,-0.06,-0.05,0.84,0.31,1.04,-9.46,954.44,32.82
3365026,-0.08,-0.04,0.82,0.31,-0.18,-9.09,954.4,32.82
3365076,-0.07,-0.04,0.84,0.37,0.55,-9.09,954.36,32.81
3365114,-0.06,-0.05,0.83,0.37,-0.43,-8.97,954.35,32.81
3365152,-0.08,-0.04,0.87,0.06,-0.79,-8.85,954.34,32.82
3365190,-0.09,-0.04,0.82,-0.24,-0.49,-8.48,954.37,32.8
3365228,-0.08,-0.04,0.86,-0.31,-0.79,-8.3,954.33,32.82
3365266,-0.08,-0.04,0.83,-0.67,0.73,-8.18,954.28,32.81
3365304,-0.09,-0.03,0.84,-0.55,-0.06,-7.87,954.28,32.81
3365343,-0.1,-0.03,0.88,-0.73,0.49,-7.75,954.22,32.82
3365381,-0.09,-0.04,0.86,-1.34,1.28,-7.75,954.21,32.82
3365431,-0.09,-0.03,0.97,-1.46,1.1,-7.26,954.16,32.81
3365469,-0.1,-0.04,0.95,-2.38,1.34,-7.02,954.16,32.81
3365507,-0.1,-0.01,1.02,-2.2,0.37,-6.71,954.1,32.81
3365545,-0.11,-0.01,1.04,-2.56,1.59,-6.53,954.09,32.81
3365583,-0.1,-0.01,1.09,-2.5,1.04,-6.16,954.07,32.81
3365621,-0.12,-0.0,1.08,-2.5,1.53,-6.1,954.09,32.81
3365659,-0.11,-0.0,1.11,-2.26,1.22,-5.55,954.06,32.81
3365697,-0.11,0.02,1.15,-2.38,1.89,-5.31,954.05,32.81
3365736,-0.12,0.03,1.25,-1.77,1.71,-5.19,954.02,32.82
3365785,-0.11,0.03,1.28,-1.46,2.32,-4.64,953.97,32.81
3365823,-0.1,0.04,1.35,-0.92,1.4,-4.52,953.96,32.81
3365862,-0.1,0.05,1.38,-0.73,1.95,-4.03,954.03,32.82
3365900,-0.09,0.07,1.42,-0.31,0.92,-3.78,953.96,32.81
3365938,-0.11,0.06,1.41,0.24,0.85,-3.54,954.06,32.83
3365976,-0.1,0.05,1.42,0.98,0.0,-3.3,953.95,32.81
3366014,-0.11,0.05,1.37,1.1,-0.18,-2.75,953.89,32.82
3366052,-0.12,0.05,1.36,1.83,-1.46,-2.69,953.92,32.81
3366090,-0.09,0.04,1.29,1.59,-1.95,-2.14,953.87,32.82
3366128,-0.11,0.03,1.3,2.69,-3.36,-2.14,953.81,32.82
3366178,-0.14,0.02,1.11,2.2,-2.56,-1.53,953.8,32.81
3366216,-0.12,0.02,1.11,2.87,-4.52,-1.53,953.82,32.81
3366255,-0.13,0.01,1.01,2.2,-3.78,-1.04,953.81,32.81
3366293,-0.14,0.01,1.07,2.99,-8.0,-0.43,953.78,32.8
3366331,-0.16,-0.03,0.99,2.69,-5.8,0.06,953.83,32.81
3366369,-0.14,-0.02,0.97,3.6,-7.57,0.24,953.82,32.81
3366407,-0.14,-0.0,0.97,3.36,-6.35,0.79,953.73,32.8
3366445,-0.14,-0.01,0.98,3.91,-6.65,1.34,953.79,32.81
3366483,-0.14,-0.04,0.96,3.54,-4.82,1.83,953.82,32.81
3366559,-0.14,-0.02,0.9,3.54,-4.39,2.81,953.93,32.78
3366597,-0.13,-0.02,0.83,2.99,-2.75,3.11,953.91,32.79
3366636,-0.12,-0.04,0.81,2.93,-3.05,3.42,953.95,32.78
3366725,-0.12,-0.06,0.68,2.44,-1.1,4.58,953.99,32.76
3366763,-0.11,-0.04,0.71,2.38,-0.92,4.88,954.01,32.77
3366801,-0.11,-0.06,0.68,1.71,-0.43,5.49,954.03,32.77
3366839,-0.1,-0.06,0.64,1.16,-0.06,5.62,954.11,32.79
3366878,-0.07,-0.06,0.71,1.04,0.92,5.8,954.13,32.78
3366916,-0.06,-0.07,0.65,-0.12,2.2,5.98,954.13,32.78
3366954,-0.07,-0.05,0.69,-0.31,1.53,6.16,954.13,32.8
3367004,-0.07,-0.06,0.75,-1.16,3.72,6.29,954.16,32.78
3367042,-0.04,-0.07,0.82,-1.65,2.87,6.35,954.14,32.78
3367080,-0.04,-0.06,0.85,-2.2,2.62,6.1,954.2,32.8
3367118,-0.04,-0.04,0.91,-2.38,1.89,6.23,954.1,32.8
3367156,-0.01,-0.06,0.93,-2.99,1.46,6.47,954.14,32.79
3367194,-0.0,-0.05,0.98,-3.23,0.18,6.1,954.12,32.79
3367233,-0.03,-0.04,1.01,-3.3,-0.18,6.16,954.13,32.79
3367271,-0.02,-0.04,1.06,-3.3,-0.12,6.16,954.15,32.8
3367309,-0.01,-0.03,1.18,-2.62,-0.49,5.86,954.18,32.81
3367359,-0.01,-0.03,1.2,-1.65,-0.18,5.55,954.18,32.78
3367397,-0.02,-0.03,1.23,-0.61,0.31,5.49,954.16,32.79
3367435,-0.0,-0.04,1.16,0.18,1.95,5.25,954.2,32.79
3367473,0.02,-0.03,1.2,1.4,0.24,4.82,954.22,32.8
3367511,-0.0,-0.05,1.1,1.65,1.71,4.58,954.19,32.79
3367549,-0.01,-0.05,1.02,2.38,0.79,4.58,954.21,32.8
3367587,0.0,-0.05,1.04,3.17,0.92,4.03,954.25,32.8
3367625,0.02,-0.06,0.94,3.48,0.0,3.91,954.21,32.8
3367664,-0.01,-0.05,0.95,4.03,-0.98,3.54,954.14,32.79
3367702,0.0,-0.07,0.88,4.33,0.98,3.3,954.19,32.8
3367751,-0.0,-0.05,0.92,5.07,-0.73,2.93,954.14,32.78
3367790,-0.01,-0.07,0.84,4.76,0.67,2.87,954.2,32.79
3367828,-0.01,-0.06,0.82,4.94,1.1,2.32,954.17,32.79
3367866,-0.01,-0.07,0.83,4.7,2.62,1.95,954.14,32.79
3367904,-0.0,-0.07,0.81,4.15,2.93,1.65,954.18,32.8
3367942,-0.01,-0.07,0.83,3.6,3.48,1.46,954.13,32.8
3367980,-0.0,-0.07,0.79,2.93,5.49,1.4,954.13,32.81
3368018,-0.0,-0.05,0.85,2.75,4.88,1.04,954.13,32.8
3368057,-0.0,-0.06,0.81,2.26,5.49,1.04,954.1,32.81
3368095,-0.02,-0.05,0.87,2.38,4.39,0.98,954.13,32.81
3368145,-0.0,-0.08,0.86,1.83,6.29,0.67,954.13,32.8
3368183,0.0,-0.05,0.97,2.26,4.03,0.67,954.14,32.8
3368221,-0.02,-0.06,0.95,1.71,5.62,0.79,954.18,32.81
3368259,-0.01,-0.06,0.96,1.59,3.78,0.37,954.11,32.8
3368297,-0.01,-0.05,1.04,1.65,3.72,0.31,954.1,32.81
3368335,-0.01,-0.06,1.0,1.1,3.23,0.37,954.11,32.81
3368373,-0.02,-0.05,1.06,1.22,2.38,0.49,954.14,32.81
3368412,0.0,-0.05,1.08,1.04,3.17,0.24,954.13,32.81
3368450,0.01,-0.04,1.14,1.34,2.26,0.31,954.07,32.83
3368499,-0.0,-0.05,1.12,1.53,1.95,0.0,954.12,32.81
3368537,0.01,-0.05,1.12,1.71,2.44,-0.12,954.09,32.81
3368576,-0.0,-0.04,1.12,1.71,2.5,-0.37,954.08,32.81
3368614,-0.01,-0.04,1.12,1.83,2.26,-0.37,954.1,32.8
3368652,-0.01,-0.05,1.07,1.71,2.38,-0.67,954.1,32.81
3368690,-0.01,-0.05,1.02,1.46,2.5,-0.67,954.11,32.82
3368728,-0.01,-0.06,1.0,1.16,2.5,-0.73,954.02,32.82
3368766,-0.0,-0.06,0.95,0.31,2.32,-1.04,954.03,32.81
3368805,-0.03,-0.06,0.97,0.12,1.83,-1.28,954.03,32.81
3368843,-0.03,-0.06,0.95,-0.55,2.44,-1.22,953.95,32.81
3368892,-0.01,-0.06,1.03,-0.98,3.05,-1.53,953.99,32.8
3368931,-0.03,-0.06,0.99,-1.71,3.91,-1.65,954.04,32.82
3368969,-0.04,-0.03,1.1,-1.53,3.97,-1.89,954.06,32.81
3369007,-0.02,-0.04,1.1,-2.14,5.55,-2.01,954.04,32.82
3369045,-0.03,-0.03,1.19,-1.89,4.27,-2.08,954.03,32.81
3369083,-0.02,-0.06,1.21,-1.65,5.8,-2.26,954.05,32.82
3369121,-0.03,-0.03,1.16,-1.71,5.13,-2.14,954.01,32.82
3369159,-0.04,-0.02,1.19,-0.55,4.27,-2.2,954.07,32.82
3369198,-0.03,-0.05,1.07,-0.73,5.8,-2.32,954.02,32.82
3369247,-0.01,-0.04,1.13,0.06,3.72,-2.5,954.0,32.81
3369285,-0.02,-0.05,1.02,-0.37,4.03,-2.38,953.87,32.81
3369324,-0.02,-0.03,1.05,-0.31,0.67,-2.5,953.92,32.81
3369362,-0.05,-0.04,1.09,-0.24,0.24,-2.44,953.88,32.82
3369400,-0.04,-0.05,1.11,-0.85,-1.65,-2.38,953.91,32.81
3369438,-0.04,-0.05,1.13,-1.1,-2.08,-2.44,953.91,32.82
3369476,-0.04,-0.06,1.01,-0.73,-1.1,-2.75,953.97,32.82
3369514,-0.02,-0.04,1.04,0.06,-0.98,-3.11,953.98,32.82
3369552,-0.03,-0.06,0.97,0.18,0.18,-2.99,953.95,32.82
3369591,-0.07,-0.04,0.99,0.85,-0.31,-3.36,953.93,32.82
3369666,-0.06,-0.04,1.08,1.28,2.32,-3.6,953.86,32.8
3369705,-0.05,-0.04,1.12,1.46,2.81,-3.6,953.9,32.81
3369743,-0.05,-0.05,1.14,1.4,2.87,-3.48,953.87,32.82
3369832,-0.07,-0.04,1.1,1.04,5.25,-3.36,953.87,32.8
3369870,-0.07,-0.04,1.09,0.61,5.19,-3.17,953.81,32.79
3369909,-0.09,-0.03,1.11,0.31,4.64,-2.99,953.82,32.79
3369947,-0.07,-0.04,1.14,0.06,5.74,-3.11,953.84,32.79
3369985,-0.05,-0.04,1.16,-0.06,4.94,-2.87,953.8,32.8
3370023,-0.06,-0.04,1.21,0.18,4.7,-2.5,953.81,32.8
3370073,-0.06,-0.04,1.2,0.06,5.43,-2.38,953.77,32.79
3370111,-0.07,-0.04,1.22,-0.55,4.64,-2.44,953.76,32.81
3370149,-0.08,-0.05,1.2,-0.85,4.27,-2.32,953.78,32.82
3370187,-0.08,-0.03,1.13,-1.83,2.44,-2.08,953.75,32.81
3370225,-0.07,-0.04,1.23,-1.28,2.08,-2.14,953.72,32.82
3370263,-0.04,-0.05,1.12,-2.75,3.72,-1.83,953.7,32.81
3370302,-0.08,-0.01,1.23,-1.77,-0.55,-1.71,953.71,32.82
3370340,-0.09,-0.05,1.14,-2.08,2.08,-1.34,953.68,32.81
3370378,-0.07,-0.03,1.12,-2.32,1.59,-1.4,953.69,32.81
3370428,-0.08,-0.03,1.19,-1.71,2.26,-1.4,953.63,32.79
3370466,-0.07,-0.03,1.15,-1.65,-0.61,-0.92,953.66,32.81
3370504,-0.08,-0.03,1.2,-1.4,-0.12,-1.1,953.64,32.81
3370542,-0.07,-0.04,1.12,-1.77,1.83,-0.92,953.63,32.81
3370580,-0.08,-0.02,1.19,-1.4,0.37,-0.61,953.67,32.81
3370618,-0.09,-0.04,1.12,-2.01,1.04,-0.49,953.67,32.81
3370656,-0.1,-0.03,1.18,-1.53,-0.79,-0.37,953.71,32.81
3370695,-0.07,-0.03,1.17,-1.71,0.55,-0.24,953.68,32.81
3370733,-0.08,-0.03,1.19,-0.55,-0.49,-0.18,953.7,32.82
3370771,-0.08,-0.04,1.09,-0.37,3.05,-0.06,953.68,32.81
3370821,-0.07,-0.02,1.1,1.59,3.78,-0.12,953.65,32.8
3370859,-0.09,-0.03,1.05,2.56,6.16,0.0,953.68,32.82
3370897,-0.1,-0.04,0.99,2.81,6.23,0.06,953.58,32.81
3370935,-0.1,-0.04,1.03,4.03,5.19,0.18,953.55,32.81
3370973,-0.07,-0.06,0.95,3.3,6.9,0.55,953.59,32.82
3371011,-0.07,-0.03,0.95,4.27,5.62,0.85,953.59,32.82
3371050,-0.08,-0.04,0.91,4.33,6.9,0.98,953.52,32.81
3371088,-0.08,-0.04,0.9,5.07,6.1,1.4,953.53,32.81
3371126,-0.09,-0.05,0.91,5.25,6.41,1.59,953.54,32.82
3371176,-0.1,-0.05,0.84,5.19,6.23,1.83,953.49,32.8
3371214,-0.06,-0.03,0.85,4.94,5.62,2.08,953.47,32.81
3371252,-0.08,-0.04,0.83,4.58,5.37,2.38,953.4,32.81
3371290,-0.06,-0.06,0.76,3.97,5.55,2.62,953.43,32.82
3371328,-0.07,-0.05,0.75,3.66,4.09,2.75,953.43,32.82
3371366,-0.07,-0.05,0.75,3.36,4.21,2.99,953.39,32.81
3371405,-0.07,-0.06,0.71,2.81,4.09,3.23,953.44,32.81
3371443,-0.08,-0.05,0.76,2.99,3.17,3.17,953.43,32.82
3371481,-0.07,-0.05,0.75,2.81,3.97,3.36,953.38,32.81
3371519,-0.06,-0.04,0.78,3.17,3.78,3.42,953.45,32.82
3371569,-0.07,-0.05,0.76,3.48,4.76,3.66,953.38,32.81
3371607,-0.07,-0.05,0.82,4.33,4.52,3.72,953.41,32.8
3371645,-0.07,-0.06,0.75,4.09,4.94,3.85,953.36,32.81
3371683,-0.08,-0.04,0.76,4.39,3.6,4.09,953.34,32.81
3371721,-0.06,-0.05,0.75,4.03,4.09,4.15,953.4,32.82
3371759,-0.04,-0.05,0.74,3.54,3.17,4.39,953.41,32.83
3371797,-0.06,-0.05,0.77,3.3,2.38,4.46,953.32,32.81
3371836,-0.06,-0.06,0.74,2.62,2.32,4.82,953.34,32.82
3371874,-0.04,-0.05,0.79,2.38,1.16,4.7,953.34,32.82
3371923,-0.04,-0.05,0.81,1.83,0.61,4.82,953.3,32.81
3371962,-0.04,-0.05,0.84,1.46,-0.49,4.94,953.29,32.81
3372000,-0.04,-0.04,0.87,1.4,-0.43,4.94,953.32,32.81
3372038,-0.04,-0.04,0.89,1.46,-0.79,5.0,953.39,32.81
3372076,-0.04,-0.04,0.92,1.34,-0.85,4.82,953.38,32.81
3372114,-0.04,-0.04,0.96,1.95,-0.79,4.82,953.35,32.8
3372152,-0.04,-0.04,0.98,2.01,0.18,4.46,953.38,32.81
3372190,-0.03,-0.03,0.98,2.01,0.55,4.39,953.36,32.82
3372229,-0.03,-0.03,0.99,2.5,0.67,4.33,953.39,32.82
3372267,-0.04,-0.03,0.97,2.44,1.65,3.97,953.33,32.82
3372316,-0.04,-0.02,1.06,2.99,2.56,4.09,953.28,32.81
3372355,-0.03,-0.03,1.02,3.11,3.6,3.85,953.33,32.8
3372393,-0.04,-0.02,1.04,3.66,2.99,3.66,953.32,32.81
3372431,-0.03,-0.04,1.02,3.72,5.37,3.66,953.37,32.81
3372469,-0.01,-0.04,0.99,3.91,5.62,3.54,953.36,32.81
3372507,-0.05,-0.03,1.0,4.82,4.94,3.3,953.3,32.81
3372545,-0.03,-0.05,0.93,4.64,6.35,3.42,953.36,32.81
3372583,-0.02,-0.03,0.95,4.88,5.13,3.17,953.29,32.81
3372622,-0.02,-0.05,0.94,4.88,5.13,3.42,953.32,32.81
3372660,-0.02,-0.05,0.92,4.46,4.39,3.23,953.33,32.81
3372735,-0.03,-0.04,0.93,4.21,4.46,3.23,953.3,32.79
3372774,-0.01,-0.04,0.95,3.97,4.03,2.99,953.27,32.8
3372812,-0.02,-0.05,0.92,3.6,4.33,3.11,953.24,32.8
3372901,0.0,-0.05,0.89,3.97,5.31,2.69,953.29,32.78
3372939,-0.01,-0.05,0.89,3.91,4.82,2.5,953.29,32.78
3372977,-0.02,-0.06,0.86,3.91,5.49,2.44,953.3,32.79
3373016,-0.01,-0.06,0.83,4.09,5.74,2.38,953.31,32.81
3373054,-0.01,-0.06,0.84,4.15,4.94,2.08,953.29,32.8
3373092,-0.01,-0.05,0.8,3.6,4.33,2.14,953.3,32.81
3373142,-0.0,-0.07,0.83,3.85,4.15,1.83,953.28,32.8
3373180,-0.0,-0.06,0.81,3.3,3.6,1.59,953.26,32.79
3373218,-0.0,-0.05,0.86,3.11,3.36,1.53,953.28,32.8
3373256,0.01,-0.05,0.85,2.81,3.85,1.28,953.28,32.81
3373294,-0.01,-0.05,0.89,2.93,2.81,0.92,953.26,32.81
3373332,-0.01,-0.06,0.91,2.75,2.99,0.92,953.2,32.8
3373370,0.01,-0.06,0.91,2.69,2.44,0.67,953.24,32.81
3373408,0.0,-0.05,0.93,2.38,2.44,0.73,953.2,32.81
3373447,-0.01,-0.05,0.94,2.56,1.95,0.61,953.2,32.81
3373485,0.01,-0.06,0.95,2.44,1.71,0.43,953.23,32.81
3373534,-0.0,-0.06,0.93,2.08,1.4,0.24,953.22,32.79
3373573,0.0,-0.04,0.97,2.38,0.73,0.06,953.21,32.81
3373611,-0.0,-0.05,0.93,2.2,0.73,0.18,953.24,32.81
3373649,0.0,-0.04,0.96,2.26,-0.49,-0.18,953.23,32.81
3373687,0.01,-0.05,0.93,2.08,-0.24,-0.24,953.23,32.8
3373725,-0.01,-0.06,0.89,2.14,-0.31,-0.37,953.2,32.81
3373763,-0.0,-0.05,0.95,2.44,-0.79,-0.49,953.24,32.81
3373801,0.0,-0.06,0.95,2.14,-0.37,-0.67,953.19,32.8
3373839,-0.0,-0.06,0.92,2.01,-0.18,-0.79,953.2,32.82
3373878,-0.01,-0.05,0.93,2.01,0.67,-1.1,953.22,32.83
3373927,-0.0,-0.05,0.91,1.83,1.71,-1.28,953.17,32.81
3373965,-0.02,-0.05,0.94,1.71,1.77,-1.46,953.19,32.81
3374004,-0.02,-0.06,0.95,1.89,2.44,-1.65,953.21,32.81
3374042,-0.01,-0.05,0.97,2.14,2.75,-1.89,953.22,32.82
3374080,-0.02,-0.04,0.99,2.2,2.44,-1.83,953.17,32.8
3374118,-0.02,-0.05,0.98,1.95,2.32,-1.89,953.23,32.82
3374156,-0.03,-0.05,0.99,1.95,2.26,-1.89,953.22,32.82
3374194,-0.03,-0.05,1.01,1.89,3.11,-1.95,953.2,32.83
3374232,-0.01,-0.04,1.01,1.59,3.11,-2.2,953.2,32.82
3374282,-0.03,-0.03,1.03,1.46,3.36,-2.2,953.21,32.81
3374320,-0.01,-0.04,1.07,1.65,2.5,-2.2,953.24,32.82
3374358,-0.03,-0.04,1.07,1.59,2.93,-2.26,953.24,32.81
3374396,-0.03,-0.04,1.09,1.89,2.01,-2.2,953.26,32.83
3374434,-0.01,-0.03,1.07,1.83,2.2,-2.2,953.25,32.83
3374473,-0.03,-0.02,1.03,1.71,1.53,-2.44,952.87,32.83
3374511,0.07,-0.01,1.13,1.59,0.49,-2.38,952.03,32.82
3374549,-0.03,-0.07,0.99,-0.06,3.66,-2.32,951.91,32.82
3374587,0.0,-0.07,0.89,2.01,1.65,-2.5,951.95,32.82
3374625,-0.04,-0.05,0.89,2.08,2.01,-2.5,952.33,32.83
3374675,-0.06,-0.04,0.84,2.26,1.89,-2.69,952.38,32.81
3374713,-0.04,-0.06,0.78,2.5,3.3,-3.05,952.42,32.83
3374751,-0.03,-0.06,0.75,2.26,3.3,-2.93,952.3,32.82
3374789,-0.07,-0.03,0.79,2.26,4.03,-2.62,952.34,32.82
3374827,-0.05,-0.06,0.77,2.2,4.52,-2.69,952.42,32.81
3374865,-0.05,-0.06,0.77,1.95,4.15,-2.81,952.54,32.81
3374903,-0.05,-0.05,0.76,1.65,4.88,-2.5,952.54,32.81
3374942,-0.06,-0.05,0.77,1.89,5.37,-2.5,952.53,32.82
3374980,-0.05,-0.05,0.76,1.46,6.59,-2.69,952.56,32.83
3375030,-0.06,-0.05,0.81,1.59,6.41,-2.38,952.48,32.81
3375068,-0.07,-0.05,0.78,1.16,8.24,-2.2,952.38,32.81
3375106,-0.07,-0.04,0.83,1.65,8.3,-2.38,952.31,32.81
3375144,-0.04,-0.05,0.87,1.53,9.4,-2.38,952.28,32.82
3375182,-0.05,-0.05,0.87,1.4,8.36,-2.14,952.28,32.81
3375220,-0.07,-0.04,0.88,1.65,9.03,-2.14,952.21,32.81
3375258,-0.07,-0.04,0.87,1.77,10.19,-2.08,952.2,32.81
3375296,-0.07,-0.03,0.91,2.08,9.28,-1.77,952.22,32.83
3375335,-0.07,-0.04,0.91,2.08,8.73,-1.65,952.27,32.85
3375373,-0.08,-0.04,0.89,2.38,8.97,-1.59,952.24,32.83
3375422,-0.05,-0.04,0.93,2.56,8.91,-1.4,952.23,32.81
3375461,-0.05,-0.03,0.94,2.81,6.84,-1.22,952.31,32.82
3375499,-0.08,-0.04,0.88,2.75,6.84,-0.92,952.29,32.83
3375537,-0.06,-0.03,0.91,2.87,5.55,-0.73,952.25,32.83
3375575,-0.05,-0.03,0.92,2.93,4.58,-0.61,952.28,32.81
3375613,-0.08,-0.03,0.84,2.81,2.87,-0.37,952.24,32.82
3375651,-0.08,-0.03,0.88,3.17,2.2,-0.37,952.27,32.82
3375689,-0.05,-0.05,0.89,2.99,2.75,-0.31,952.27,32.81
3375727,-0.06,-0.04,0.87,3.11,0.98,-0.06,952.28,32.82
3375803,-0.06,-0.04,0.84,2.99,0.92,0.12,952.32,32.8
3375841,-0.07,-0.04,0.87,3.36,0.0,0.18,952.28,32.83
3375879,-0.06,-0.05,0.83,2.99,-0.55,0.37,952.24,32.81
3375969,-0.05,-0.04,0.84,3.42,-0.61,0.55,952.23,32.77
3376007,-0.07,-0.05,0.84,3.11,-0.18,0.55,952.28,32.79
3376045,-0.08,-0.05,0.81,3.05,-0.18,0.79,952.36,32.8
3376083,-0.07,-0.04,0.85,3.3,1.1,0.61,952.3,32.81
3376121,-0.06,-0.04,0.83,2.93,2.44,0.67,952.4,32.81
3376160,-0.05,-0.04,0.86,3.11,2.01,0.73,952.34,32.81
3376198,-0.07,-0.05,0.88,3.23,2.44,0.73,952.29,32.83
3376247,-0.06,-0.03,0.92,3.05,3.54,0.79,952.4,32.81
3376285,-0.05,-0.03,0.98,2.75,4.15,0.73,952.41,32.8
3376324,-0.07,-0.04,0.97,2.87,4.52,0.92,952.4,32.81
3376362,-0.06,-0.04,1.03,2.99,5.43,0.85,952.4,32.81
3376400,-0.05,-0.03,1.03,2.56,5.86,1.04,952.36,32.81
3376438,-0.07,-0.02,1.05,2.75,5.62,1.04,952.41,32.81
3376476,-0.06,-0.02,1.03,2.26,7.02,1.34,952.44,32.83
