timestamp,acc_x,acc_y,acc_z,rot_x,rot_y,rot_z,qfe,temp,Unnamed: 10
7043501,-0.05,-0.07,0.93,1.1,4.88,0.31,969.22,22.03,
7043539,-0.05,-0.07,0.92,0.79,5.43,0.37,969.24,22.04,
7043577,-0.05,-0.06,0.95,0.85,5.98,0.31,969.24,22.06,
7043615,-0.05,-0.08,0.94,0.67,7.02,0.49,969.24,22.04,
7043654,-0.02,-0.07,0.99,0.49,6.29,0.61,969.25,22.04,
7043692,-0.02,-0.06,1.02,0.61,6.16,0.55,969.24,22.05,
7043730,-0.04,-0.07,1.0,0.43,6.29,0.79,969.26,22.05,
7043780,-0.04,-0.07,1.02,0.73,6.71,0.73,969.27,22.03,
7043819,-0.03,-0.06,1.01,0.79,6.53,0.73,969.28,22.04,
7043857,-0.03,-0.06,1.01,0.98,6.35,0.92,969.32,22.05,
7043895,-0.04,-0.06,1.01,1.1,6.04,0.92,969.32,22.05,
7043933,-0.05,-0.07,0.99,0.98,6.59,0.98,969.28,22.04,
7043972,-0.03,-0.07,1.03,1.1,6.16,0.92,969.28,22.06,
7044010,-0.04,-0.07,1.04,0.98,6.59,1.04,969.22,22.03,
7044048,-0.04,-0.06,1.0,0.85,7.32,1.04,969.28,22.05,
7044086,-0.04,-0.06,1.03,0.98,7.26,1.04,969.29,22.06,
7044125,-0.03,-0.07,1.01,0.98,7.51,1.1,969.29,22.06,
7044175,-0.03,-0.06,1.06,1.22,6.84,1.04,969.23,22.03,
7044213,-0.01,-0.05,1.06,0.92,7.51,1.16,969.28,22.05,
7044251,-0.03,-0.06,1.06,1.28,7.08,1.46,969.26,22.04,
7044289,-0.04,-0.07,1.09,1.28,6.77,1.4,969.29,22.05,
7044328,-0.02,-0.07,1.08,1.22,6.47,1.1,969.24,22.04,
7044366,-0.03,-0.06,1.12,1.22,5.8,1.34,969.25,22.04,
7044404,-0.03,-0.05,1.12,1.1,6.16,1.28,969.24,22.04,
7044442,-0.02,-0.06,1.09,1.1,5.49,1.16,969.29,22.06,
7044481,-0.03,-0.06,1.1,1.46,5.13,1.22,969.27,22.05,
7044531,-0.03,-0.07,1.04,1.4,5.49,1.28,969.23,22.03,
7044569,-0.02,-0.06,1.06,1.89,4.88,1.04,969.27,22.05,
7044607,-0.02,-0.06,1.0,1.59,4.94,1.28,969.22,22.04,
7044645,-0.04,-0.06,0.95,1.22,4.09,1.16,969.23,22.05,
7044684,-0.05,-0.06,0.94,0.79,4.33,1.16,969.29,22.06,
7044722,-0.03,-0.07,0.94,0.67,3.97,0.85,969.22,22.05,
7044760,-0.03,-0.07,0.92,0.31,3.91,0.98,969.27,22.05,
7044798,-0.05,-0.07,0.89,0.0,4.03,1.1,969.25,22.04,
7044837,-0.03,-0.07,0.9,-0.24,3.66,1.22,969.24,22.06,
7044875,-0.03,-0.07,0.89,-0.55,3.72,1.04,969.19,22.05,
7044925,-0.04,-0.07,0.93,-0.73,3.05,1.16,969.21,22.05,
7044963,-0.03,-0.07,0.94,-0.85,3.66,1.16,969.26,22.03,
7045001,-0.04,-0.07,0.98,-0.67,3.05,1.22,969.21,22.05,
7045040,-0.03,-0.06,0.99,-0.79,3.66,1.1,969.28,22.06,
7045078,-0.05,-0.07,0.96,-0.79,4.09,1.22,969.28,22.06,
7045116,-0.05,-0.07,0.93,-0.61,5.0,1.16,969.31,22.05,
7045154,-0.02,-0.06,0.97,-0.37,5.0,1.1,969.27,22.05,
7045193,-0.03,-0.07,0.94,-0.24,6.04,1.04,969.28,22.06,
7045231,-0.04,-0.05,0.97,0.0,5.43,1.22,969.27,22.05,
7045281,-0.03,-0.06,1.04,0.18,5.8,0.98,969.21,22.04,
7045319,-0.03,-0.06,1.09,0.12,4.33,1.1,969.24,22.06,
7045357,-0.03,-0.06,1.16,0.37,4.21,1.16,969.22,22.05,
7045396,-0.05,-0.05,1.14,0.43,4.27,0.98,969.21,22.06,
7045434,-0.05,-0.05,1.15,0.61,4.15,1.34,969.2,22.04,
7045472,-0.03,-0.06,1.12,0.73,4.15,1.28,969.23,22.06,
7045510,-0.05,-0.05,1.14,1.22,4.09,1.46,969.27,22.06,
7045549,-0.02,-0.04,1.12,1.04,4.64,1.53,969.25,22.05,
7045587,-0.04,-0.04,1.21,1.83,4.27,1.46,969.23,22.05,
7045625,-0.04,-0.05,1.16,1.46,4.33,1.34,969.23,22.05,
7045701,-0.04,-0.05,1.23,1.34,5.68,1.53,969.19,22.03,
7045739,-0.04,-0.05,1.22,1.89,4.76,1.34,969.26,22.04,
7045778,-0.04,-0.05,1.21,1.89,6.04,1.34,969.19,22.04,
7045868,-0.02,-0.05,1.18,1.95,7.45,1.53,969.22,22.02,
7045906,-0.06,-0.05,1.15,2.38,6.84,1.59,969.23,22.02,
7045944,-0.05,-0.06,1.16,2.38,7.45,1.77,969.25,22.04,
7045982,-0.0,-0.07,1.1,2.5,7.63,1.53,969.23,22.03,
7046020,-0.04,-0.06,1.1,2.75,6.77,1.59,969.21,22.03,
7046059,-0.04,-0.09,0.98,2.44,7.26,1.71,969.23,22.04,
7046097,-0.01,-0.07,0.98,2.69,5.8,1.77,969.26,22.04,
7046147,-0.01,-0.07,0.92,2.5,6.47,1.65,969.2,22.03,
7046185,-0.02,-0.07,0.92,2.56,4.64,1.95,969.21,22.04,
7046223,-0.01,-0.09,0.92,2.32,5.13,1.65,969.2,22.05,
7046262,-0.0,-0.08,0.9,2.32,4.39,1.59,969.22,22.04,
7046300,-0.02,-0.07,0.88,2.56,3.97,1.71,969.21,22.05,
7046338,-0.01,-0.07,0.82,2.56,2.93,1.59,969.18,22.05,
7046376,-0.0,-0.07,0.8,2.75,2.44,1.28,969.26,22.05,
7046415,-0.0,-0.08,0.74,2.2,1.77,1.22,969.18,22.05,
7046453,0.0,-0.08,0.75,2.69,0.73,0.98,969.16,22.05,
7046503,-0.0,-0.08,0.7,2.01,1.34,0.61,969.15,22.03,
7046541,-0.02,-0.08,0.71,2.26,1.65,0.55,969.15,22.05,
7046579,-0.03,-0.08,0.72,2.01,2.81,0.37,969.16,22.06,
7046618,-0.02,-0.09,0.74,1.95,3.6,0.18,969.2,22.05,
7046656,-0.01,-0.08,0.76,1.59,5.25,0.0,969.13,22.04,
7046694,-0.01,-0.08,0.76,1.4,6.1,-0.06,969.16,22.05,
7046732,-0.0,-0.08,0.8,1.16,6.84,-0.37,969.19,22.06,
7046770,-0.02,-0.08,0.83,1.22,7.63,-0.37,969.23,22.06,
7046809,0.0,-0.09,0.86,1.4,8.18,-0.49,969.18,22.06,
7046847,0.0,-0.08,0.88,1.46,7.75,-0.61,969.19,22.06,
7046897,-0.02,-0.08,0.92,1.77,7.51,-0.55,969.18,22.04,
7046935,0.01,-0.08,0.97,1.89,7.39,-0.67,969.16,22.05,
7046973,-0.01,-0.08,0.96,1.65,7.63,-1.16,969.18,22.05,
7047012,-0.01,-0.07,0.93,1.53,8.0,-1.22,969.19,22.05,
7047050,-0.02,-0.07,0.92,1.59,8.36,-1.16,969.17,22.06,
7047088,0.01,-0.08,0.94,1.46,8.42,-1.53,969.19,22.06,
7047126,-0.0,-0.08,0.92,1.34,9.03,-1.46,969.2,22.05,
7047165,-0.01,-0.07,0.93,1.22,9.46,-1.65,969.15,22.05,
7047203,0.01,-0.08,0.96,0.98,10.01,-1.77,969.16,22.05,
7047241,-0.02,-0.08,0.95,0.98,10.31,-1.71,969.18,22.07,
7047291,-0.01,-0.08,1.01,0.73,10.74,-1.89,969.21,22.05,
7047329,-0.02,-0.07,1.02,0.98,10.74,-1.89,969.11,22.05,
7047368,-0.0,-0.06,1.08,0.98,10.07,-1.89,969.15,22.05,
7047406,-0.0,-0.07,1.06,0.67,9.77,-1.77,969.17,22.05,
7047444,-0.02,-0.07,1.08,0.85,8.91,-2.01,969.13,22.06,
7047482,-0.01,-0.07,1.05,0.73,8.18,-2.01,969.14,22.06,
7047521,-0.01,-0.07,1.04,0.43,7.26,-1.95,969.16,22.05,
7047559,-0.01,-0.07,1.03,0.37,7.08,-2.01,969.21,22.06,
7047597,-0.02,-0.07,1.03,0.18,6.71,-1.95,969.14,22.05,
7047647,-0.03,-0.06,1.05,-0.24,7.2,-2.2,969.18,22.05,
7047685,-0.02,-0.07,1.09,-0.06,7.32,-2.2,969.15,22.04,
7047724,-0.02,-0.08,1.1,-0.55,7.69,-2.26,969.16,22.05,
7047762,-0.03,-0.06,1.14,-0.31,7.32,-2.32,969.16,22.06,
7047800,-0.04,-0.07,1.13,-0.43,8.06,-2.32,969.15,22.05,
7047838,-0.02,-0.07,1.14,-0.31,7.39,-2.32,969.15,22.06,
7047877,-0.02,-0.06,1.18,-0.37,7.08,-2.26,969.13,22.06,
7047915,-0.04,-0.05,1.2,-0.24,7.08,-2.38,969.09,22.06,
7047953,-0.02,-0.06,1.25,-0.12,7.26,-2.32,969.15,22.06,
7048003,-0.03,-0.06,1.24,-0.24,5.68,-2.44,969.1,22.05,
7048041,-0.05,-0.06,1.25,-0.12,5.68,-2.32,969.13,22.06,
7048080,-0.03,-0.06,1.16,-0.43,5.86,-2.38,969.14,22.06,
7048118,-0.03,-0.04,1.21,-0.06,3.85,-2.38,969.11,22.06,
7048156,-0.03,-0.07,1.14,-0.31,4.46,-2.26,969.17,22.07,
7048194,-0.05,-0.06,1.18,0.24,3.05,-2.26,969.13,22.06,
7048233,-0.05,-0.07,1.16,-0.18,4.33,-2.08,969.12,22.06,
7048271,-0.05,-0.06,1.1,-0.31,2.5,-2.26,969.14,22.07,
7048309,-0.05,-0.07,1.12,-0.24,2.99,-2.38,969.15,22.07,
7048347,-0.03,-0.08,1.04,-0.92,3.72,-2.14,969.09,22.06,
7048397,-0.05,-0.06,1.05,-0.67,1.83,-2.14,969.11,22.06,
7048436,-0.06,-0.07,0.95,-0.79,1.34,-1.95,969.13,22.07,
7048474,-0.06,-0.07,0.98,-0.31,0.06,-2.01,969.1,22.06,
7048512,-0.06,-0.07,0.96,-0.73,-0.31,-1.83,969.09,22.06,
7048550,-0.06,-0.07,1.01,-0.18,-1.22,-1.77,969.12,22.07,
7048589,-0.06,-0.09,0.98,-0.73,0.0,-1.77,969.05,22.06,
7048627,-0.05,-0.06,1.03,-0.37,-0.12,-1.71,969.07,22.05,
7048665,-0.06,-0.06,1.03,-0.43,1.22,-1.46,969.11,22.06,
7048703,-0.06,-0.07,0.98,-0.61,2.44,-1.59,969.12,22.06,
7048781,-0.04,-0.07,0.98,-0.37,5.43,-1.34,969.11,22.03,
7048819,-0.06,-0.07,0.97,-0.18,6.29,-1.28,969.1,22.04,
7048857,-0.07,-0.06,0.97,-0.43,8.91,-1.34,969.09,22.07,
7048947,-0.04,-0.07,1.06,-0.49,13.61,-1.16,968.99,22.01,
7048986,-0.05,-0.07,1.06,-0.18,14.59,-1.16,969.05,22.03,
7049024,-0.06,-0.05,1.1,-0.37,15.99,-1.22,968.97,22.03,
7049062,-0.02,-0.05,1.13,-0.37,17.03,-1.1,968.96,22.04,
7049100,-0.03,-0.07,1.11,-0.06,17.03,-0.92,968.95,22.03,
7049139,-0.03,-0.07,1.11,-0.31,16.91,-0.85,968.94,22.03,
7049189,-0.01,-0.06,1.12,-0.12,17.4,-0.79,968.95,22.03,
7049227,-0.02,-0.05,1.17,0.24,16.36,-0.67,968.89,22.03,
7049265,-0.02,-0.07,1.15,0.24,16.6,-0.67,968.94,22.04,
7049303,-0.0,-0.06,1.15,0.37,16.11,-0.85,968.95,22.05,
7049342,-0.02,-0.05,1.19,0.37,15.26,-0.73,968.9,22.04,
7049380,0.0,-0.06,1.18,0.55,14.34,-0.55,968.9,22.05,
7049418,-0.02,-0.06,1.18,0.55,13.18,-0.79,968.92,22.05,
7049456,-0.0,-0.05,1.18,0.49,12.76,-0.67,968.91,22.05,
7049495,0.01,-0.05,1.18,0.24,11.23,-0.85,968.97,22.06,
7049545,-0.01,-0.05,1.13,0.12,9.77,-1.1,968.9,22.04,
7049583,0.0,-0.07,1.14,0.31,8.79,-1.22,968.88,22.04,
7049621,0.0,-0.07,1.11,0.0,7.57,-1.46,968.95,22.06,
7049659,0.01,-0.06,1.09,0.31,5.31,-1.71,968.95,22.06,
7049698,-0.0,-0.06,1.07,0.43,5.0,-1.95,968.98,22.06,
7049736,0.02,-0.06,1.01,0.06,4.03,-2.2,968.93,22.05,
7049774,0.01,-0.06,1.08,0.55,2.99,-2.81,968.94,22.05,
7049812,-0.0,-0.07,1.05,0.55,3.11,-3.05,968.9,22.05,
7049851,-0.01,-0.06,1.07,0.92,2.32,-3.42,968.93,22.05,
7049889,-0.01,-0.05,1.07,0.85,2.62,-3.72,968.95,22.05,
7049939,-0.01,-0.06,1.04,1.04,1.83,-3.97,968.93,22.05,
7049977,-0.01,-0.05,1.05,1.22,2.38,-4.27,968.91,22.05,
7050015,-0.01,-0.05,1.01,1.28,2.87,-4.39,968.94,22.05,
7050054,-0.0,-0.04,1.02,1.53,2.14,-4.88,968.97,22.06,
7050092,-0.03,-0.05,0.99,1.53,2.56,-5.0,968.87,22.07,
7050130,-0.01,-0.06,0.97,1.34,2.99,-5.43,968.94,22.06,
7050168,0.0,-0.05,0.99,1.4,3.11,-5.68,968.9,22.06,
7050207,-0.02,-0.06,0.95,1.16,2.56,-5.8,968.91,22.07,
7050245,-0.02,-0.06,0.92,1.1,1.89,-5.92,968.92,22.07,
7050295,-0.04,-0.05,0.94,0.92,1.77,-6.1,968.93,22.06,
7050333,-0.03,-0.05,0.92,0.92,1.1,-6.16,968.98,22.06,
7050371,-0.03,-0.05,0.91,0.49,0.79,-6.41,969.0,22.06,
7050410,-0.03,-0.05,0.92,0.37,0.49,-6.47,968.98,22.07,
7050448,-0.02,-0.04,0.93,0.37,0.37,-6.65,968.94,22.07,
7050486,-0.03,-0.05,0.94,0.31,-0.18,-6.65,968.94,22.06,
7050524,-0.03,-0.05,0.94,0.18,-0.37,-6.84,969.0,22.07,
7050563,-0.05,-0.04,0.94,0.61,-0.12,-6.77,968.94,22.06,
7050601,-0.04,-0.04,0.97,0.43,-0.18,-6.84,968.97,22.07,
7050639,-0.03,-0.05,0.96,0.31,-0.55,-6.9,968.99,22.07,
7050689,-0.04,-0.04,0.96,0.43,-0.85,-6.96,968.98,22.05,
7050727,-0.03,-0.04,0.96,0.12,-1.16,-7.02,968.96,22.06,
7050766,-0.04,-0.05,0.95,0.37,-2.26,-7.02,968.91,22.06,
7050804,-0.05,-0.05,0.95,0.43,-3.17,-6.96,968.85,22.06,
7050842,-0.05,-0.05,0.91,0.24,-2.93,-7.2,968.92,22.07,
7050880,-0.04,-0.04,0.91,0.43,-3.66,-7.02,968.89,22.06,
7050919,-0.05,-0.04,0.91,0.49,-4.39,-7.08,968.82,22.05,
7050957,-0.07,-0.04,0.87,0.37,-4.76,-6.9,968.87,22.07,
7050995,-0.08,-0.05,0.86,0.31,-4.27,-6.9,968.87,22.07,
7051045,-0.07,-0.04,0.86,0.24,-5.07,-6.65,968.89,22.05,
7051083,-0.08,-0.05,0.87,0.55,-5.55,-6.47,968.95,22.06,
7051122,-0.07,-0.05,0.83,0.24,-4.94,-6.47,968.87,22.06,
7051160,-0.07,-0.05,0.86,0.55,-4.88,-6.35,968.95,22.08,
7051198,-0.06,-0.05,0.83,0.61,-5.43,-5.92,968.88,22.06,
7051236,-0.09,-0.05,0.82,0.79,-5.86,-6.1,968.93,22.07,
7051275,-0.07,-0.05,0.8,0.85,-4.88,-5.92,968.92,22.06,
7051313,-0.08,-0.05,0.82,1.22,-4.88,-5.92,968.93,22.07,
7051351,-0.07,-0.05,0.76,1.16,-4.88,-5.74,968.95,22.07,
7051401,-0.07,-0.05,0.77,1.83,-4.39,-5.62,968.97,22.06,
7051439,-0.07,-0.05,0.76,1.53,-5.0,-5.49,968.88,22.05,
7051478,-0.08,-0.05,0.82,2.01,-5.68,-5.19,968.94,22.06,
7051516,-0.08,-0.06,0.81,1.59,-5.31,-5.13,968.91,22.06,
7051554,-0.07,-0.05,0.85,1.77,-5.8,-4.82,968.89,22.07,
7051592,-0.07,-0.05,0.88,1.95,-6.41,-4.82,968.9,22.07,
7051631,-0.08,-0.05,0.85,1.83,-5.68,-4.82,968.94,22.05,
7051669,-0.08,-0.05,0.86,1.53,-5.43,-4.39,969.0,22.07,
7051707,-0.08,-0.05,0.89,1.53,-5.37,-4.27,968.97,22.07,
7051745,-0.08,-0.05,0.92,1.59,-5.92,-4.15,968.92,22.07,
7051821,-0.09,-0.04,0.93,1.4,-6.23,-3.78,969.02,22.05,
7051860,-0.06,-0.05,0.95,1.22,-6.04,-3.78,968.95,22.05,
7051898,-0.07,-0.04,0.98,1.16,-6.41,-3.72,969.0,22.06,
7051988,-0.08,-0.04,1.0,1.16,-5.86,-3.23,969.04,22.02,
7052026,-0.08,-0.04,1.02,0.85,-6.35,-2.99,969.05,22.04,
7052064,-0.08,-0.04,1.02,0.98,-6.59,-3.05,969.02,22.03,
7052102,-0.08,-0.04,1.03,0.98,-6.65,-2.75,969.08,22.05,
7052141,-0.07,-0.03,1.06,1.1,-6.35,-2.38,969.08,22.05,
7052179,-0.08,-0.04,1.05,1.34,-6.35,-2.26,969.05,22.05,
7052229,-0.09,-0.04,1.05,1.34,-6.71,-1.83,969.08,22.04,
7052267,-0.09,-0.05,1.03,1.4,-6.9,-1.77,969.05,22.05,
7052305,-0.09,-0.04,1.03,1.53,-7.63,-1.71,969.09,22.05,
7052344,-0.08,-0.04,1.03,1.59,-7.63,-1.53,969.15,22.07,
7052382,-0.08,-0.04,1.03,1.77,-7.63,-1.34,969.06,22.05,
7052420,-0.07,-0.04,1.04,1.83,-7.26,-1.16,969.17,22.07,
7052458,-0.09,-0.03,1.06,2.08,-7.14,-0.85,969.16,22.06,
7052497,-0.09,-0.04,1.04,1.83,-6.84,-0.79,969.14,22.07,
7052535,-0.09,-0.03,1.06,1.83,-6.71,-0.67,969.24,22.07,
7052585,-0.09,-0.03,1.02,1.59,-5.86,-0.61,969.19,22.05,
7052623,-0.08,-0.04,1.04,1.46,-5.49,-0.49,969.22,22.05,
7052661,-0.08,-0.03,1.02,1.65,-4.76,-0.24,969.22,22.05,
7052700,-0.09,-0.04,1.02,1.77,-4.7,-0.12,969.26,22.06,
7052738,-0.09,-0.04,1.02,1.71,-3.91,0.06,969.25,22.08,
7052776,-0.09,-0.04,1.02,1.53,-4.21,0.06,969.23,22.07,
7052814,-0.09,-0.03,1.06,1.53,-3.97,0.12,969.29,22.06,
7052853,-0.07,-0.04,1.03,1.65,-2.93,0.12,969.28,22.07,
7052891,-0.07,-0.04,1.05,1.71,-3.05,0.24,969.39,22.06,
7052929,-0.07,-0.03,1.04,1.83,-2.69,0.49,969.36,22.06,
7052979,-0.08,-0.03,1.03,1.95,-2.26,0.61,969.41,22.06,
7053017,-0.06,-0.04,1.02,1.95,-1.46,0.55,969.41,22.06,
7053056,-0.06,-0.04,1.03,1.95,-1.4,0.55,969.4,22.05,
7053094,-0.07,-0.04,1.01,1.65,-1.04,0.79,969.45,22.05,
7053132,-0.06,-0.04,0.99,1.59,-0.73,0.73,969.45,22.08,
7053170,-0.06,-0.04,1.03,1.53,-0.49,0.61,969.45,22.07,
7053209,-0.06,-0.05,1.0,1.4,0.06,0.79,969.52,22.07,
7053247,-0.06,-0.04,1.02,1.53,0.0,0.92,969.52,22.07,
7053285,-0.06,-0.04,1.01,1.83,0.31,0.98,969.48,22.08,
7053335,-0.05,-0.04,1.0,1.95,-0.55,1.1,969.48,22.06,
7053373,-0.05,-0.04,0.99,1.89,-0.73,1.04,969.46,22.06,
7053412,-0.05,-0.04,0.99,2.01,-1.59,1.22,969.46,22.06,
7053450,-0.06,-0.05,0.98,2.2,-2.26,1.34,969.49,22.06,
7053488,-0.06,-0.05,0.94,2.44,-2.75,1.53,969.54,22.06,
7053526,-0.05,-0.04,0.93,2.5,-3.3,1.59,969.5,22.07,
7053565,-0.05,-0.05,0.88,2.75,-3.36,1.53,969.56,22.09,
7053603,-0.06,-0.06,0.84,2.93,-3.78,1.71,969.55,22.07,
7053641,-0.07,-0.06,0.82,3.11,-4.09,1.71,969.57,22.07,
7053679,-0.08,-0.05,0.79,2.93,-3.91,2.08,969.62,22.07,
7053729,-0.06,-0.05,0.78,3.3,-4.03,2.14,969.58,22.05,
7053768,-0.07,-0.06,0.76,3.11,-3.23,2.2,969.64,22.08,
7053806,-0.06,-0.05,0.76,2.99,-2.99,2.44,969.67,22.07,
7053844,-0.06,-0.06,0.76,2.93,-2.62,2.56,969.72,22.06,
7053882,-0.07,-0.06,0.72,2.44,-1.77,2.81,969.71,22.07,
7053921,-0.07,-0.06,0.73,2.2,-1.34,2.93,969.71,22.07,
7053959,-0.07,-0.06,0.71,2.01,-0.24,2.99,969.72,22.08,
7053997,-0.05,-0.06,0.72,1.65,0.43,3.05,969.71,22.07,
7054035,-0.06,-0.06,0.73,1.53,1.46,3.11,969.75,22.07,
7054085,-0.06,-0.05,0.76,1.1,2.44,3.48,969.77,22.05,
7054124,-0.06,-0.05,0.8,0.92,3.17,3.42,969.76,22.07,
7054162,-0.06,-0.06,0.84,0.85,3.11,3.54,969.8,22.06,
7054200,-0.05,-0.06,0.88,0.92,2.81,3.66,969.8,22.06,
7054238,-0.05,-0.05,0.89,0.73,2.93,3.85,969.87,22.07,
7054277,-0.04,-0.05,0.92,0.67,2.62,3.85,969.82,22.07,
7054315,-0.03,-0.05,0.94,0.67,2.26,3.85,969.87,22.06,
7054353,-0.04,-0.05,0.94,0.73,2.01,4.15,969.89,22.06,
7054391,-0.04,-0.05,0.95,0.67,1.89,3.97,969.86,22.07,
7054430,-0.03,-0.05,0.94,0.73,1.77,4.09,969.87,22.06,
7054480,-0.03,-0.05,0.95,0.67,1.65,4.21,969.96,22.06,
7054518,-0.02,-0.05,0.96,0.61,1.53,4.03,969.98,22.07,
7054556,-0.02,-0.05,0.99,0.79,1.16,4.15,969.98,22.07,
7054594,-0.02,-0.05,0.99,0.67,1.34,4.09,969.96,22.06,
7054633,-0.03,-0.04,1.02,0.79,1.1,4.03,969.99,22.07,
7054671,-0.03,-0.05,1.05,0.49,1.22,4.09,970.05,22.07,
7054709,-0.02,-0.04,1.06,0.12,1.16,3.91,970.02,22.07,
7054747,-0.02,-0.04,1.08,0.31,1.34,3.91,970.01,22.07,
7054786,-0.02,-0.04,1.09,0.06,1.46,3.85,970.03,22.07,
7054824,-0.02,-0.04,1.1,0.24,1.59,3.6,970.1,22.08,
7054900,-0.02,-0.04,1.1,0.43,2.38,3.36,970.1,22.04,
7054938,-0.02,-0.04,1.1,0.37,2.87,3.54,970.09,22.06,
7054976,-0.01,-0.05,1.08,0.24,3.3,3.3,970.11,22.06,
7055066,-0.02,-0.05,1.07,0.06,3.6,3.23,970.14,22.03,
7055105,-0.02,-0.04,1.1,0.06,3.48,3.11,970.17,22.05,
7055143,-0.02,-0.04,1.09,0.06,4.21,2.99,970.18,22.05,
7055181,-0.02,-0.04,1.12,0.18,4.33,2.87,970.17,22.05,
7055219,-0.01,-0.04,1.12,0.0,4.82,2.69,970.19,22.06,
7055257,-0.02,-0.04,1.13,0.18,5.19,2.87,970.2,22.06,
7055307,-0.01,-0.04,1.13,0.43,5.8,2.5,970.24,22.06,
7055346,-0.02,-0.04,1.12,0.61,6.1,2.38,970.25,22.05,
7055384,-0.02,-0.04,1.1,0.92,6.04,2.5,970.29,22.06,
7055422,-0.01,-0.04,1.08,1.22,5.8,2.38,970.28,22.05,
7055460,-0.02,-0.04,1.09,1.34,5.49,2.32,970.31,22.07,
7055499,-0.01,-0.05,1.07,1.4,5.25,2.26,970.35,22.07,
7055537,-0.0,-0.05,1.06,1.53,4.7,2.08,970.37,22.07,
7055575,-0.01,-0.05,1.04,1.77,4.52,2.2,970.36,22.06,
7055613,-0.02,-0.05,1.02,1.71,4.58,2.08,970.35,22.07,
7055652,-0.01,-0.05,0.99,1.53,4.64,1.83,970.37,22.06,
7055702,-0.02,-0.05,0.96,1.77,4.33,1.65,970.35,22.06,
7055740,-0.03,-0.06,0.94,1.83,3.97,1.59,970.4,22.06,
7055778,-0.02,-0.06,0.95,1.77,3.97,1.53,970.44,22.07,
7055816,-0.01,-0.04,0.99,1.89,3.23,1.65,970.41,22.06,
7055855,-0.03,-0.04,1.01,1.89,2.08,1.71,970.45,22.07,
7055893,-0.02,-0.05,1.04,1.59,1.34,1.65,970.42,22.06,
7055931,-0.01,-0.06,1.06,1.04,0.98,1.53,970.36,22.07,
7055969,-0.03,-0.05,1.06,0.79,1.04,1.53,970.44,22.07,
7056008,-0.04,-0.04,1.05,0.67,0.85,1.59,970.46,22.08,
7056046,-0.04,-0.05,1.04,0.79,1.71,1.53,970.51,22.08,
7056096,-0.03,-0.05,1.03,1.04,2.32,1.34,970.48,22.06,
7056134,-0.04,-0.04,1.04,1.28,2.81,1.46,970.53,22.07,
7056172,-0.04,-0.05,1.06,1.71,3.85,1.22,970.51,22.07,
7056211,-0.03,-0.05,1.04,1.53,4.58,1.04,970.52,22.06,
7056249,-0.03,-0.05,1.09,1.83,4.52,1.28,970.53,22.07,
7056287,-0.05,-0.06,1.03,1.65,5.8,1.34,970.5,22.06,
7056325,-0.05,-0.05,1.04,1.89,5.92,1.22,970.55,22.07,
7056364,-0.03,-0.05,1.02,2.08,7.08,1.16,970.52,22.07,
7056402,-0.02,-0.05,1.0,2.32,6.23,1.28,970.6,22.07,
7056452,-0.03,-0.06,0.98,2.08,6.71,1.28,970.62,22.07,
7056490,-0.04,-0.05,1.0,2.26,6.29,1.28,970.56,22.07,
7056528,-0.03,-0.06,0.99,2.08,6.29,1.28,970.63,22.08,
7056567,-0.03,-0.05,0.97,1.89,5.68,1.22,970.58,22.07,
7056605,-0.03,-0.05,0.99,1.46,4.94,1.22,970.6,22.07,
7056643,-0.03,-0.05,0.99,1.1,4.76,1.28,970.61,22.08,
7056681,-0.03,-0.04,1.03,0.85,4.03,1.28,970.6,22.07,
7056720,-0.03,-0.05,1.05,0.37,3.85,1.34,970.6,22.07,
7056758,-0.03,-0.05,1.08,0.31,3.36,1.4,970.58,22.07,
7056796,-0.04,-0.05,1.09,0.12,3.23,1.22,970.63,22.06,
7056846,-0.04,-0.04,1.08,-0.06,3.17,1.22,970.7,22.06,
7056884,-0.04,-0.05,1.08,-0.12,3.54,1.28,970.69,22.08,
7056923,-0.04,-0.04,1.06,0.0,3.23,1.34,970.68,22.07,
7056961,-0.05,-0.04,1.05,0.43,3.23,1.28,970.69,22.08,
7056999,-0.04,-0.05,1.03,0.55,2.62,1.34,970.73,22.08,
7057037,-0.04,-0.04,1.04,0.31,2.08,1.28,970.73,22.09,
7057076,-0.04,-0.05,1.03,0.61,1.95,1.53,970.69,22.07,
7057114,-0.03,-0.05,1.04,0.55,1.59,1.77,970.75,22.07,
7057152,-0.05,-0.05,1.04,0.92,1.22,1.59,970.78,22.07,
7057190,-0.05,-0.04,1.06,1.04,0.18,1.89,970.73,22.08,
7057240,-0.05,-0.05,1.01,1.1,0.12,1.89,970.74,22.06,
7057279,-0.04,-0.04,1.02,1.28,-0.55,1.77,970.78,22.06,
7057317,-0.05,-0.05,1.0,1.1,-0.12,1.77,970.82,22.08,
7057355,-0.04,-0.05,0.97,1.34,-0.43,1.83,970.8,22.08,
7057393,-0.04,-0.05,1.0,1.59,-0.18,1.83,970.84,22.08,
7057432,-0.04,-0.06,0.93,1.46,-0.12,1.95,970.8,22.08,
7057470,-0.06,-0.05,0.95,2.01,-1.04,2.08,970.82,22.07,
7057508,-0.06,-0.07,0.9,1.89,0.12,1.83,970.8,22.08,
7057546,-0.06,-0.06,0.89,1.71,0.31,1.95,970.82,22.07,
7057596,-0.05,-0.05,0.9,1.83,0.98,2.2,970.82,22.06,
7057634,-0.04,-0.05,0.9,1.77,1.53,2.14,970.87,22.07,
7057673,-0.05,-0.06,0.9,1.77,2.44,2.32,970.85,22.08,
7057711,-0.05,-0.05,0.91,2.01,2.69,1.95,970.91,22.08,
7057749,-0.05,-0.05,0.91,2.08,3.3,2.2,970.93,22.08,
7057787,-0.04,-0.05,0.88,1.95,3.91,2.38,970.9,22.08,
7057826,-0.04,-0.05,0.88,2.2,3.85,2.32,970.92,22.08,
7057864,-0.03,-0.05,0.87,1.71,4.27,2.44,970.93,22.09,
7057902,-0.04,-0.05,0.9,1.95,3.48,2.38,970.94,22.08,
7057940,-0.04,-0.05,0.89,1.65,3.6,2.56,970.97,22.08,
7058016,-0.03,-0.06,0.94,1.22,3.05,2.75,971.01,22.06,
7058055,-0.04,-0.06,0.91,1.16,2.62,2.81,971.02,22.06,
7058093,-0.05,-0.05,0.91,0.67,2.5,2.99,971.01,22.06,
7058183,-0.02,-0.05,0.92,0.43,2.62,2.69,971.03,22.04,
7058221,-0.03,-0.05,0.94,0.49,2.75,2.69,971.02,22.05,
7058259,-0.04,-0.05,0.95,0.37,2.93,2.75,971.03,22.06,
7058297,-0.03,-0.04,0.97,0.43,3.3,2.62,971.03,22.06,
7058336,-0.03,-0.05,0.99,0.49,3.66,2.56,971.07,22.06,
7058374,-0.02,-0.05,0.99,0.49,3.66,2.5,971.09,22.07,
7058424,-0.03,-0.04,1.01,0.37,3.66,2.69,971.09,22.05,
7058462,-0.04,-0.04,1.03,0.43,3.3,2.75,971.11,22.06,
7058500,-0.04,-0.04,1.06,0.49,2.38,2.69,971.13,22.07,
7058539,-0.04,-0.04,1.08,0.24,1.89,2.93,971.1,22.07,
7058577,-0.02,-0.03,1.11,0.31,1.34,2.93,971.1,22.07,
7058615,-0.03,-0.04,1.12,0.24,0.85,2.75,971.18,22.08,
7058653,-0.04,-0.04,1.12,0.18,0.55,2.87,971.16,22.07,
7058692,-0.04,-0.03,1.14,0.31,0.79,2.99,971.13,22.07,
7058730,-0.03,-0.02,1.17,0.06,1.22,2.75,971.12,22.08,
7058768,-0.03,-0.03,1.15,0.24,0.98,2.69,971.18,22.09,
7058818,-0.03,-0.02,1.18,0.37,1.04,2.81,971.17,22.08,
7058856,-0.04,-0.03,1.18,0.49,1.34,2.81,971.18,22.07,
7058895,-0.04,-0.03,1.19,0.61,1.46,2.81,971.24,22.07,
7058933,-0.03,-0.03,1.19,1.04,2.2,2.69,971.26,22.07,
7058971,-0.02,-0.04,1.17,1.22,2.75,2.62,971.26,22.07,
7059009,-0.03,-0.03,1.16,1.22,2.93,2.69,971.25,22.08,
7059048,-0.03,-0.03,1.12,1.4,4.03,2.69,971.24,22.07,
7059086,-0.02,-0.03,1.15,1.77,3.23,2.5,971.3,22.08,
7059124,-0.02,-0.04,1.14,1.65,3.78,2.5,971.25,22.07,
7059162,-0.02,-0.04,1.13,1.77,3.42,2.69,971.28,22.08,
7059212,-0.03,-0.04,1.12,1.95,3.97,2.38,971.31,22.06,
7059251,-0.02,-0.04,1.11,2.01,3.72,2.26,971.36,22.08,
7059289,-0.02,-0.04,1.07,1.89,4.39,2.38,971.32,22.08,
7059327,-0.02,-0.04,1.05,2.08,4.09,2.32,971.32,22.08,
7059365,-0.02,-0.04,1.06,2.14,4.15,2.32,971.4,22.07,
7059404,-0.02,-0.04,1.03,2.14,3.42,2.32,971.35,22.08,
7059442,-0.02,-0.04,1.04,2.01,2.93,2.08,971.38,22.08,
7059480,-0.02,-0.05,1.0,1.83,3.42,2.08,971.37,22.09,
7059518,-0.01,-0.05,1.06,2.32,2.32,1.95,971.4,22.08,
7059568,-0.02,-0.04,1.03,1.65,1.65,2.01,971.37,22.08,
7059607,-0.03,-0.05,1.05,2.01,1.34,1.83,971.4,22.08,
7059645,-0.0,-0.05,1.02,1.53,1.28,1.95,971.4,22.08,
7059683,-0.01,-0.04,1.04,1.77,0.43,1.83,971.44,22.09,
7059721,-0.02,-0.04,0.99,1.4,0.98,1.83,971.4,22.09,
7059760,-0.0,-0.04,1.01,1.4,-0.24,1.89,971.41,22.07,
7059798,-0.01,-0.05,1.03,1.34,-0.24,1.83,971.47,22.08,
7059836,-0.03,-0.04,1.0,1.28,-0.18,1.83,971.45,22.07,
7059874,-0.02,-0.03,1.04,1.34,0.06,1.65,971.46,22.09,
7059913,0.0,-0.04,1.02,1.1,0.12,1.65,971.46,22.09,
7059963,-0.04,-0.04,1.03,1.28,-0.18,1.71,971.52,22.08,
7060001,-0.04,-0.05,1.02,1.65,-0.55,1.59,971.53,22.09,
7060039,-0.0,-0.04,0.99,1.28,0.79,1.34,971.51,22.07,
7060077,0.01,-0.01,1.03,1.71,0.12,1.34,971.51,22.09,
7060116,-0.02,-0.03,1.02,1.65,-0.43,1.34,971.53,22.09,
7060154,-0.03,-0.04,1.05,1.53,-0.12,1.22,971.56,22.09,
7060192,-0.02,-0.05,1.03,1.65,1.28,0.98,971.55,22.09,
7060230,0.0,-0.04,0.99,1.28,1.59,0.67,971.58,22.09,
7060268,-0.02,-0.02,0.96,1.4,2.93,0.61,971.56,22.09,
7060307,-0.02,-0.02,0.93,1.46,4.64,0.31,971.5,22.09,
7060357,-0.01,-0.05,0.84,1.1,6.77,0.18,971.55,22.07,
7060395,-0.01,-0.03,0.87,1.16,7.08,0.06,971.5,22.09,
7060433,-0.03,-0.02,0.89,0.79,9.34,0.06,971.49,22.07,
7060471,-0.03,-0.02,0.96,1.28,9.22,0.12,971.52,22.09,
7060510,-0.03,-0.04,0.98,1.28,10.13,0.0,971.54,22.09,
7060548,-0.02,-0.03,0.97,0.92,10.56,-0.12,971.51,22.08,
7060586,-0.03,-0.01,1.02,0.98,10.68,0.12,971.53,22.09,
7060624,-0.03,-0.01,1.0,0.98,11.6,0.24,971.52,22.08,
7060662,-0.03,-0.01,1.05,1.4,11.23,0.24,971.54,22.09,
7060712,-0.03,-0.02,1.08,1.83,10.93,0.37,971.54,22.08,
7060751,-0.02,-0.01,1.11,2.32,9.77,0.37,971.56,22.09,
7060789,-0.02,-0.0,1.1,2.56,9.77,0.61,971.5,22.08,
7060827,-0.03,0.01,1.11,3.36,8.18,0.92,971.54,22.08,
7060865,-0.04,-0.01,1.06,3.85,6.71,1.1,971.46,22.08,
7060904,-0.03,-0.01,1.03,3.78,5.37,1.16,971.53,22.09,
7060942,-0.04,0.0,1.03,4.03,4.82,1.4,971.55,22.08,
7060980,-0.02,-0.01,1.06,4.7,3.42,1.59,971.55,22.09,
7061018,-0.03,-0.02,1.01,4.52,2.69,1.65,971.46,22.09,
7061057,-0.04,-0.01,1.03,4.88,1.16,1.77,971.57,22.1,
7061133,-0.03,-0.01,1.0,5.0,-0.18,2.14,971.58,22.05,
7061171,-0.03,-0.01,1.02,5.43,-1.16,2.2,971.64,22.07,
7061209,-0.03,-0.04,0.99,5.37,-1.4,2.2,971.58,22.07,
7061299,-0.03,-0.03,0.88,5.8,-0.98,2.32,971.64,22.06,
7061337,-0.04,-0.03,0.82,5.86,-0.49,2.2,971.62,22.05,
7061375,-0.04,-0.04,0.81,5.68,0.85,1.89,971.62,22.07,
7061414,-0.03,-0.05,0.8,5.68,2.26,2.01,971.64,22.06,
7061452,-0.03,-0.05,0.78,5.49,3.85,1.77,971.64,22.07,
7061490,-0.04,-0.04,0.78,5.13,5.0,1.77,971.6,22.07,
7061540,-0.02,-0.05,0.83,5.0,7.51,1.59,971.65,22.05,
7061578,-0.02,-0.05,0.85,4.88,7.51,1.65,971.63,22.07,
7061616,-0.03,-0.04,0.88,5.25,8.61,1.65,971.68,22.07,
7061655,-0.02,-0.03,0.87,4.58,9.83,1.65,971.66,22.07,
7061693,-0.02,-0.03,0.95,4.39,10.68,1.95,971.61,22.08,
7061731,-0.01,-0.02,0.99,4.21,9.58,2.01,971.64,22.07,
7061769,-0.02,-0.03,1.03,4.15,9.4,2.01,971.66,22.08,
7061808,-0.02,-0.03,1.01,3.85,9.52,1.95,971.66,22.09,
7061846,-0.01,-0.0,1.09,3.78,7.93,2.14,971.68,22.08,
7061884,0.01,-0.02,1.06,3.72,8.06,2.08,971.68,22.09,
7061934,0.01,-0.02,1.05,3.42,5.8,2.2,971.75,22.08,
7061972,-0.0,-0.03,1.02,3.23,5.68,2.14,971.67,22.09,
7062011,-0.01,-0.03,1.01,3.42,4.15,1.77,971.78,22.09,
7062049,-0.01,-0.03,1.0,3.23,4.39,1.59,971.74,22.08,
7062087,0.02,-0.02,1.03,3.36,3.3,1.34,971.74,22.09,
7062125,0.0,-0.04,1.01,3.3,3.17,1.28,971.82,22.09,
7062164,-0.01,-0.03,0.99,3.11,2.26,1.16,971.78,22.11,
7062202,-0.01,-0.04,0.99,3.3,1.89,1.1,971.78,22.09,
7062240,0.01,-0.04,0.95,2.69,1.71,0.85,971.88,22.1,
7062278,0.01,-0.04,0.95,2.81,1.16,0.79,971.83,22.09,
7062328,-0.01,-0.05,0.88,1.59,1.89,0.73,971.83,22.09,
7062366,-0.01,-0.04,0.92,1.53,1.65,0.37,971.86,22.09,
7062405,-0.01,-0.04,0.93,0.79,3.05,0.24,971.78,22.09,
7062443,-0.0,-0.03,1.04,0.79,2.93,0.06,971.76,22.08,
7062481,-0.01,-0.04,1.05,0.06,2.75,-0.06,971.82,22.09,
7062519,-0.03,-0.04,1.06,0.12,2.99,-0.18,971.81,22.09,
7062558,-0.01,-0.04,1.03,-0.73,4.27,-0.37,971.84,22.09,
7062596,-0.02,-0.03,1.09,-0.55,3.05,-0.49,971.84,22.09,
7062634,-0.04,-0.03,1.07,-0.31,3.72,-0.49,971.9,22.09,
7062684,-0.04,-0.01,1.11,0.24,4.58,-0.79,971.83,22.08,
7062722,-0.02,-0.01,1.12,0.0,5.55,-0.92,971.9,22.08,
7062761,-0.02,-0.03,1.13,0.06,5.37,-0.85,971.89,22.09,
7062799,-0.04,-0.02,1.15,0.31,6.23,-1.16,971.86,22.09,
7062837,-0.03,-0.02,1.17,0.49,7.2,-1.1,971.9,22.09,
7062875,-0.03,-0.02,1.14,0.24,6.84,-0.98,971.93,22.1,
7062914,-0.04,-0.01,1.17,0.37,5.55,-0.98,971.89,22.09,
7062952,-0.05,-0.02,1.12,0.18,6.35,-0.85,971.88,22.09,
7062990,-0.02,-0.01,1.11,0.37,5.8,-0.79,971.87,22.1,
7063028,-0.02,-0.01,1.16,0.43,5.19,-0.55,971.96,22.09,
7063078,-0.03,-0.03,1.08,0.37,4.58,-0.67,971.96,22.09,
7063117,-0.04,-0.03,1.13,0.85,4.03,-0.43,971.95,22.1,
7063155,-0.03,-0.04,1.07,0.67,4.52,-0.31,971.99,22.1,
7063193,-0.02,-0.02,1.11,0.85,2.56,-0.24,972.01,22.11,
7063231,-0.03,-0.03,1.08,0.79,2.38,-0.18,971.95,22.09,
7063270,-0.04,-0.05,1.01,0.67,1.34,-0.24,972.01,22.09,
7063308,-0.03,-0.04,1.03,1.04,0.85,-0.31,971.95,22.1,
7063346,-0.03,-0.05,0.98,0.85,1.53,-0.37,971.93,22.1,
7063385,-0.03,-0.04,0.99,0.79,1.46,-0.37,971.94,22.09,
7063435,-0.03,-0.05,0.96,0.92,2.5,-0.49,971.95,22.08,
7063473,-0.05,-0.05,0.98,0.73,2.38,-0.61,971.99,22.09,
7063511,-0.07,-0.05,1.01,0.73,2.44,-0.24,971.93,22.09,
7063549,-0.04,-0.06,0.97,0.92,2.81,-0.31,972.0,22.09,
7063588,-0.06,-0.04,0.97,0.61,3.23,-0.43,971.95,22.1,
7063626,-0.05,-0.04,0.95,0.43,4.03,-0.06,971.98,22.09,
7063664,-0.04,-0.04,0.99,0.61,3.66,-0.12,972.06,22.1,
7063702,-0.07,-0.05,1.0,0.67,4.21,-0.06,972.01,22.11,
7063741,-0.06,-0.05,0.98,0.92,4.46,0.0,972.02,22.09,
7063779,-0.06,-0.05,1.02,1.16,4.33,0.31,972.0,22.1,
7063829,-0.05,-0.05,0.98,1.22,3.78,0.18,971.99,22.1,
7063867,-0.07,-0.04,0.97,1.53,3.6,0.37,971.96,22.09,
7063905,-0.05,-0.05,0.93,1.1,4.27,0.55,971.99,22.1,
7063944,-0.05,-0.05,0.98,1.34,3.11,0.55,971.93,22.1,
7063982,-0.07,-0.05,0.93,0.98,3.54,0.85,972.01,22.1,
7064020,-0.07,-0.05,0.94,0.67,3.05,0.92,972.03,22.1,
7064058,-0.05,-0.05,0.98,0.43,3.66,0.79,972.0,22.1,
7064097,-0.04,-0.05,0.98,-0.18,3.23,0.98,972.04,22.11,
7064135,-0.05,-0.04,1.02,-0.24,2.99,1.34,971.99,22.09,
7064211,-0.06,-0.03,1.03,-0.18,2.44,1.34,971.99,22.07,
7064249,-0.05,-0.04,1.0,-0.37,2.26,1.65,972.02,22.09,
7064287,-0.04,-0.04,1.0,-0.73,0.92,1.53,972.07,22.09,
7064377,-0.03,-0.04,1.02,-0.67,-0.55,2.08,972.09,22.06,
7064415,-0.05,-0.03,1.02,-0.61,-1.46,2.08,972.08,22.07,
7064454,-0.04,-0.05,1.0,-0.92,-2.44,2.14,972.07,22.08,
7064492,-0.05,-0.03,1.03,-0.92,-3.36,2.26,972.07,22.08,
7064530,-0.03,-0.02,1.0,-1.04,-2.99,2.2,972.06,22.08,
7064568,-0.02,-0.03,0.98,-1.1,-2.81,2.2,972.05,22.08,
7064607,-0.04,-0.02,0.98,-1.34,-3.11,2.08,972.02,22.09,
7064657,-0.06,-0.03,0.94,-1.04,-2.56,2.5,972.06,22.07,
7064695,-0.04,-0.04,0.98,-0.55,-3.05,2.26,972.14,22.08,
7064733,-0.03,-0.03,1.02,-0.12,-2.93,2.08,972.09,22.09,
7064771,-0.05,-0.03,1.0,0.37,-2.62,2.56,972.1,22.07,
7064810,-0.03,-0.03,1.0,0.92,-2.2,2.26,972.1,22.07,
7064848,-0.04,-0.02,1.01,1.65,-1.59,1.83,972.14,22.09,
7064886,-0.03,-0.03,0.97,1.65,-0.79,2.01,972.12,22.08,
7064924,-0.05,-0.03,0.95,1.28,0.73,1.83,972.15,22.09,
7064963,-0.05,-0.02,0.98,1.34,1.16,1.77,972.21,22.1,
7065013,-0.04,-0.04,0.95,1.53,4.03,1.53,972.21,22.08,
7065051,-0.06,-0.03,0.99,1.77,4.33,1.34,972.15,22.08,
7065089,-0.03,-0.04,0.94,1.89,5.74,1.4,972.19,22.09,
7065127,-0.04,-0.02,0.93,2.14,7.08,1.22,972.21,22.09,
7065166,-0.04,-0.03,0.96,2.44,8.18,1.22,972.16,22.1,
7065204,-0.02,-0.04,0.94,2.32,9.52,1.04,972.17,22.09,
7065242,-0.04,-0.02,1.01,2.99,8.79,1.1,972.19,22.1,
7065280,-0.03,-0.03,0.99,3.05,10.25,1.34,972.16,22.09,
7065319,0.0,-0.02,1.02,3.48,8.85,1.1,972.23,22.1,
7065357,-0.03,-0.02,1.08,3.72,9.4,1.53,972.27,22.1,
7065407,-0.03,-0.04,1.06,3.78,8.18,1.77,972.24,22.08,
7065445,-0.02,-0.03,1.08,4.03,7.32,1.59,972.17,22.09,
7065483,-0.02,-0.03,1.02,3.66,6.35,1.83,972.26,22.1,
7065522,-0.01,-0.02,1.04,3.85,5.0,1.77,972.19,22.09,
7065560,-0.01,-0.03,1.04,3.78,5.31,1.83,972.19,22.09,
7065598,-0.01,-0.05,1.03,3.91,5.37,1.53,972.17,22.1,
7065636,-0.02,-0.05,1.05,3.72,5.74,1.46,972.27,22.1,
7065675,-0.02,-0.03,1.08,3.72,6.96,1.46,972.28,22.1,
7065713,-0.01,-0.04,1.02,3.72,7.32,1.22,972.33,22.11,
7065751,-0.01,-0.07,0.96,3.91,8.36,1.1,972.31,22.1,
7065801,0.0,-0.06,0.96,3.66,9.4,0.98,972.31,22.09,
7065839,0.02,-0.05,0.94,3.48,10.56,0.92,972.27,22.09,
7065878,-0.0,-0.04,0.9,2.99,9.28,0.85,972.33,22.1,
7065916,0.02,-0.05,0.95,2.5,8.12,0.61,972.31,22.1,
7065954,0.03,-0.06,0.98,1.53,8.06,0.73,972.34,22.11,
7065992,0.05,-0.07,0.97,0.73,6.1,0.49,972.26,22.1,
7066031,0.03,-0.06,1.03,0.18,4.64,0.37,972.35,22.1,
7066069,0.05,-0.06,0.96,-0.67,3.91,0.06,972.35,22.11,
7066107,0.03,-0.04,0.99,-1.16,2.56,-0.31,972.29,22.1,
7066157,0.0,-0.04,1.01,-1.77,2.5,0.0,972.39,22.1,
7066195,0.01,-0.04,1.05,-2.01,0.55,-0.61,972.35,22.1,
7066234,0.03,-0.04,1.13,-1.83,0.43,-0.98,972.4,22.1,
7066272,0.01,-0.05,1.12,-1.65,0.18,-1.1,972.35,22.11,
7066310,0.02,-0.04,1.19,-0.98,-0.61,-0.98,972.45,22.11,
7066348,0.01,-0.04,1.16,-0.92,0.0,-1.34,972.38,22.1,
7066387,0.01,-0.04,1.12,-0.43,-0.18,-1.46,972.35,22.1,
7066425,-0.04,-0.03,1.1,-0.43,0.37,-1.34,972.37,22.1,
7066463,0.01,-0.03,1.1,0.12,0.0,-1.59,972.41,22.1,
7066501,-0.01,-0.03,1.1,0.55,-0.61,-1.65,972.4,22.09,
7066551,-0.01,-0.04,1.07,0.98,0.18,-1.46,972.41,22.09,
7066590,0.02,-0.02,1.16,1.59,0.31,-1.71,972.39,22.1,
7066628,-0.01,-0.03,1.06,1.16,0.18,-1.71,972.37,22.09,
7066666,-0.03,-0.03,1.09,1.53,0.24,-1.59,972.39,22.1,
7066704,-0.01,-0.04,1.09,1.34,2.56,-1.95,972.34,22.09,
7066743,-0.02,-0.03,1.07,1.71,1.77,-2.01,972.37,22.1,
7066781,-0.02,-0.04,1.08,1.71,2.38,-1.77,972.36,22.1,
7066819,-0.01,-0.03,1.06,1.89,3.48,-2.14,972.4,22.11,
7066857,-0.02,-0.03,1.11,2.5,4.21,-1.95,972.4,22.1,
7066907,-0.01,-0.04,1.04,2.62,4.27,-1.71,972.39,22.09,
7066946,-0.04,-0.05,1.07,3.23,4.7,-1.89,972.41,22.1,
7066984,-0.03,-0.04,0.96,2.69,7.02,-2.01,972.42,22.1,
7067022,-0.02,-0.02,1.06,3.36,6.84,-1.89,972.4,22.11,
7067060,-0.02,-0.04,1.01,3.05,8.48,-1.71,972.4,22.11,
7067099,-0.04,-0.05,1.04,3.66,8.12,-1.71,972.36,22.1,
7067137,-0.04,-0.05,1.05,3.48,9.77,-1.4,972.44,22.11,
7067175,-0.02,-0.03,1.08,3.78,8.79,-1.28,972.38,22.11,
7067213,-0.01,-0.04,1.03,3.54,8.61,-1.28,972.37,22.1,
7067252,-0.04,-0.05,0.92,3.05,8.79,-1.28,972.42,22.11,
7067329,-0.01,-0.05,0.81,3.23,8.36,-1.04,972.39,22.06,
7067367,-0.02,-0.05,0.81,3.66,6.41,-0.98,972.39,22.08,
7067405,-0.03,-0.07,0.74,3.85,6.47,-0.79,972.4,22.1,
7067496,-0.03,-0.06,0.77,3.36,3.05,-0.55,972.44,22.07,
7067534,-0.03,-0.05,0.8,3.17,2.08,-0.49,972.41,22.08,
7067572,-0.02,-0.05,0.89,2.99,1.28,-0.43,972.41,22.08,
7067611,-0.03,-0.05,0.95,2.32,0.61,-0.31,972.36,22.08,
7067649,-0.03,-0.04,1.0,2.14,-0.12,-0.18,972.39,22.08,
7067687,-0.02,-0.03,1.08,1.83,-0.06,-0.12,972.43,22.08,
7067737,-0.03,-0.03,1.13,0.85,0.06,0.06,972.38,22.07,
7067775,-0.01,-0.02,1.26,1.04,-0.06,0.06,972.43,22.09,
7067814,-0.02,-0.04,1.25,0.49,1.1,0.0,972.41,22.1,
7067852,-0.05,-0.02,1.22,0.67,0.67,-0.06,972.39,22.09,
7067890,-0.02,-0.02,1.26,1.04,1.28,0.06,972.47,22.1,
7067928,-0.03,-0.05,1.15,1.16,2.32,-0.06,972.45,22.1,
7067967,-0.03,-0.03,1.17,1.71,1.89,0.0,972.38,22.09,
7068005,-0.01,-0.05,1.14,1.65,2.87,0.12,972.44,22.1,
7068043,-0.03,-0.05,1.07,1.95,1.77,0.0,972.47,22.1,
7068081,-0.04,-0.05,1.08,1.89,3.17,0.06,972.46,22.11,
7068131,-0.03,-0.05,1.03,2.08,2.99,0.06,972.41,22.08,
7068170,-0.04,-0.05,1.01,2.2,2.99,0.18,972.42,22.1,
7068208,-0.03,-0.07,0.96,1.71,3.17,0.12,972.4,22.09,
7068246,-0.03,-0.06,0.99,1.71,3.36,0.06,972.45,22.1,
7068284,-0.02,-0.06,0.95,1.4,3.48,0.31,972.45,22.1,
7068323,-0.03,-0.05,0.97,1.53,2.81,0.31,972.48,22.11,
7068361,-0.03,-0.06,0.94,0.98,3.36,0.31,972.41,22.1,
7068399,-0.02,-0.06,0.96,1.16,3.54,0.24,972.51,22.12,
7068437,-0.02,-0.06,0.97,1.22,3.66,0.24,972.41,22.11,
7068487,-0.03,-0.05,0.98,1.34,2.87,0.37,972.43,22.08,
7068526,-0.02,-0.05,0.98,1.1,4.03,0.37,972.44,22.1,
7068564,-0.0,-0.06,0.99,0.92,3.42,0.31,972.42,22.09,
7068602,-0.02,-0.06,1.01,0.79,3.66,0.37,972.42,22.1,
7068640,-0.02,-0.06,0.99,0.79,3.23,0.24,972.45,22.11,
7068679,-0.02,-0.04,1.03,0.73,3.11,0.18,972.51,22.11,
7068717,-0.03,-0.05,0.99,0.67,3.85,0.18,972.48,22.1,
7068755,-0.02,-0.05,1.0,0.79,3.42,0.18,972.49,22.11,
7068793,-0.02,-0.05,0.99,0.61,4.15,0.18,972.49,22.11,
7068832,-0.02,-0.06,0.97,0.67,4.64,0.06,972.46,22.11,
7068882,-0.02,-0.05,0.98,1.1,5.68,0.0,972.52,22.11,
7068920,-0.02,-0.06,0.98,1.1,5.98,-0.12,972.48,22.1,
7068958,-0.03,-0.06,0.99,1.1,6.53,-0.06,972.45,22.09,
7068996,-0.03,-0.05,1.02,1.34,7.08,-0.24,972.48,22.11,
7069035,-0.02,-0.05,1.03,1.4,7.2,-0.18,972.48,22.11,
7069073,-0.03,-0.04,1.04,1.34,6.23,-0.24,972.44,22.1,
7069111,-0.02,-0.05,1.06,1.16,6.23,-0.18,972.46,22.11,
7069149,0.0,-0.04,1.08,1.22,5.49,-0.37,972.41,22.1,
7069188,-0.01,-0.04,1.12,1.22,4.88,-0.18,972.41,22.11,
7069226,-0.02,-0.05,1.09,1.28,4.82,-0.06,972.43,22.1,
7069276,-0.04,-0.05,1.09,1.4,4.52,-0.24,972.38,22.09,
7069314,-0.05,-0.04,1.07,1.1,4.21,-0.31,972.39,22.1,
7069352,-0.03,-0.04,1.04,1.16,3.66,-0.18,972.41,22.11,
7069391,-0.02,-0.05,1.01,1.1,3.85,-0.43,972.38,22.1,
7069429,-0.01,-0.04,1.04,1.22,3.97,-0.49,972.4,22.1,
7069467,-0.03,-0.05,1.03,1.28,3.91,-0.18,972.45,22.11,
7069505,-0.02,-0.04,1.07,1.83,3.97,-0.37,972.47,22.1,
7069544,-0.04,-0.04,1.04,1.83,3.85,-0.37,972.42,22.12,
7069582,-0.04,-0.05,1.07,2.08,3.05,-0.31,972.41,22.12,
7069632,-0.03,-0.05,1.02,1.95,3.97,-0.61,972.4,22.1,
7069670,-0.01,-0.03,1.04,1.71,3.78,-0.49,972.46,22.1,
7069708,-0.01,-0.04,1.01,1.71,3.85,-0.31,972.43,22.1,
7069747,-0.03,-0.05,1.0,1.71,3.72,-0.49,972.4,22.11,
7069785,-0.02,-0.05,1.04,1.65,4.03,-0.49,972.4,22.1,
7069823,-0.02,-0.04,1.02,1.46,3.97,-0.61,972.41,22.11,
7069861,-0.02,-0.04,1.04,1.46,3.42,-0.67,972.4,22.13,
7069900,-0.03,-0.05,0.99,1.1,3.78,-0.67,972.41,22.11,
7069938,-0.01,-0.05,1.04,1.16,3.05,-0.61,972.34,22.1,
7069976,-0.01,-0.05,1.02,0.92,2.69,-0.73,972.34,22.1,
7070026,-0.03,-0.04,1.06,1.28,1.04,-0.67,972.38,22.09,
7070064,-0.02,-0.04,1.04,1.16,0.43,-0.98,972.38,22.11,
7070103,-0.03,-0.05,1.07,1.1,-0.55,-0.92,972.37,22.11,
7070141,-0.02,-0.05,1.06,1.04,-0.92,-0.98,972.38,22.11,
7070179,-0.03,-0.04,1.05,1.22,-0.61,-0.92,972.37,22.11,
7070217,-0.03,-0.04,1.04,1.46,-0.24,-1.04,972.36,22.11,
7070256,-0.03,-0.05,1.03,1.46,0.06,-1.34,972.38,22.11,
7070294,-0.03,-0.05,1.06,1.46,0.12,-1.4,972.36,22.11,
7070332,-0.04,-0.05,1.01,1.34,0.73,-1.53,972.37,22.11,
7070408,-0.02,-0.04,1.04,1.04,0.79,-1.53,972.28,22.09,
7070446,-0.03,-0.05,1.0,0.98,1.1,-1.65,972.28,22.1,
7070485,-0.06,-0.04,1.04,1.04,1.16,-1.65,972.35,22.11,
7070575,-0.04,-0.03,1.11,0.92,0.61,-1.59,972.34,22.06,
7070613,-0.07,-0.04,1.11,0.98,1.59,-1.59,972.3,22.08,
7070651,-0.04,-0.04,1.09,1.4,2.01,-1.59,972.38,22.09,
7070689,-0.05,-0.04,1.08,1.65,1.95,-1.28,972.34,22.09,
7070728,-0.06,-0.04,1.03,1.71,0.61,-0.98,972.3,22.1,
7070766,-0.06,-0.04,1.06,2.14,0.31,-0.98,972.35,22.09,
7070804,-0.06,-0.05,0.97,1.65,0.55,-0.73,972.32,22.11,
7070854,-0.05,-0.04,1.06,2.01,-0.92,-0.49,972.32,22.09,
7070892,-0.04,-0.04,1.02,1.65,0.06,-0.61,972.34,22.1,
7070931,-0.06,-0.05,1.03,1.95,-0.24,-0.43,972.28,22.1,
7070969,-0.05,-0.06,1.0,2.01,0.79,-0.18,972.3,22.11,
7071007,-0.05,-0.05,0.94,2.32,1.22,-0.24,972.31,22.09,
7071045,-0.06,-0.05,0.92,2.38,2.32,-0.31,972.33,22.1,
7071084,-0.03,-0.06,0.88,2.44,2.32,-0.12,972.34,22.09,
7071122,-0.03,-0.05,0.83,2.56,1.4,-0.12,972.34,22.09,
7071160,-0.05,-0.05,0.83,3.11,0.73,0.18,972.32,22.12,
7071210,-0.04,-0.06,0.78,2.93,1.28,0.37,972.41,22.1,
7071248,-0.03,-0.05,0.82,3.3,0.43,0.18,972.36,22.1,
7071287,-0.06,-0.06,0.76,2.99,1.1,0.31,972.35,22.1,
7071325,-0.04,-0.06,0.78,2.87,1.4,0.24,972.33,22.1,
7071363,-0.04,-0.06,0.75,2.81,2.2,0.43,972.35,22.11,
7071401,-0.02,-0.05,0.71,2.56,2.62,0.37,972.36,22.12,
7071440,-0.04,-0.06,0.75,3.11,2.87,0.49,972.35,22.11,
7071478,-0.04,-0.07,0.69,2.81,2.56,0.55,972.39,22.1,
7071516,-0.05,-0.05,0.73,3.11,1.71,0.92,972.4,22.1,
7071554,-0.03,-0.07,0.67,2.99,2.99,0.92,972.35,22.11,
7071604,-0.02,-0.05,0.77,2.81,1.34,0.79,972.37,22.09,
7071643,-0.05,-0.06,0.69,2.01,3.3,1.04,972.43,22.11,
7071681,-0.02,-0.05,0.76,1.89,2.44,1.04,972.36,22.11,
7071719,-0.01,-0.07,0.72,1.77,2.99,0.79,972.45,22.12,
7071757,-0.04,-0.06,0.68,1.4,3.17,0.92,972.48,22.11,
7071796,-0.04,-0.06,0.66,2.14,4.03,0.85,972.41,22.11,
7071834,0.0,-0.07,0.62,1.77,4.03,0.67,972.47,22.11,
7071872,-0.01,-0.05,0.65,2.2,3.72,0.67,972.44,22.11,
7071910,-0.01,-0.06,0.57,2.2,3.72,0.79,972.51,22.12,
7071960,-0.01,-0.05,0.64,2.08,2.75,0.61,972.44,22.1,
7071999,-0.0,-0.06,0.64,1.53,2.44,0.49,972.49,22.11,
7072037,-0.0,-0.04,0.77,1.4,0.98,0.55,972.51,22.11,
7072075,-0.0,-0.06,0.78,1.53,1.1,0.61,972.44,22.11,
7072113,-0.01,-0.05,0.78,1.1,0.79,0.37,972.51,22.11,
7072152,-0.01,-0.04,0.8,1.16,0.18,0.37,972.48,22.12,
7072190,-0.0,-0.05,0.8,0.98,-0.18,0.12,972.53,22.11,
7072228,-0.01,-0.05,0.81,0.98,-0.37,0.06,972.54,22.12,
7072266,-0.01,-0.04,0.83,0.85,-1.28,-0.06,972.53,22.12,
7072305,-0.0,-0.05,0.85,0.61,-1.46,-0.12,972.52,22.11,
7072355,-0.01,-0.04,0.83,0.37,-2.08,-0.18,972.57,22.1,
7072393,-0.01,-0.05,0.92,0.92,-1.65,-0.31,972.55,22.12,
7072431,-0.01,-0.06,0.93,0.37,-0.92,-0.49,972.6,22.1,
7072469,-0.02,-0.03,0.96,1.04,-2.56,-0.43,972.57,22.11,
7072508,-0.03,-0.02,0.99,1.4,-1.89,-0.49,972.55,22.11,
7072546,-0.01,-0.02,1.02,1.4,-1.53,-0.43,972.58,22.12,
7072584,-0.03,-0.01,1.11,2.14,-1.89,-0.43,972.62,22.11,
7072622,-0.02,-0.03,1.15,2.01,-2.14,-0.12,972.62,22.12,
7072661,-0.02,-0.03,1.17,2.56,-2.99,-0.37,972.65,22.11,
7072711,-0.02,-0.02,1.1,2.44,-1.83,-0.12,972.64,22.1,
7072749,-0.03,-0.02,1.08,2.62,-1.4,-0.18,972.68,22.11,
7072787,-0.04,-0.02,1.03,2.44,-1.1,-0.24,972.66,22.11,
7072825,-0.05,-0.02,1.06,2.56,-0.49,-0.06,972.69,22.12,
7072864,-0.02,-0.02,1.07,2.14,0.73,-0.18,972.69,22.12,
7072902,-0.02,-0.01,1.12,1.95,0.12,0.0,972.71,22.1,
7072940,-0.05,-0.02,1.13,2.01,1.1,0.12,972.71,22.11,
7072978,-0.03,-0.03,1.11,2.08,1.59,0.24,972.7,22.11,
7073017,-0.04,-0.03,1.11,2.5,0.79,0.18,972.71,22.12,
7073055,-0.03,-0.03,1.04,2.44,0.73,0.43,972.72,22.12,
7073105,-0.02,-0.02,1.04,2.99,-0.06,0.55,972.73,22.1,
7073143,-0.03,-0.03,1.04,3.11,0.79,0.61,972.7,22.11,
7073181,-0.01,-0.03,1.06,3.54,0.49,0.79,972.7,22.12,
7073220,-0.03,-0.04,1.09,4.03,0.61,0.61,972.68,22.11,
7073258,-0.04,-0.04,1.0,4.03,2.38,0.61,972.8,22.11,
7073296,-0.05,-0.03,1.0,4.46,2.99,0.61,972.82,22.12,
7073334,-0.03,-0.04,0.96,4.27,3.48,0.67,972.84,22.12,
7073373,-0.04,-0.04,0.92,4.27,3.97,0.73,972.84,22.11,
7073411,-0.03,-0.04,0.92,4.33,4.94,0.85,972.85,22.12,
7073487,-0.01,-0.05,0.91,4.64,5.19,1.04,972.79,22.09,
7073525,-0.03,-0.03,0.95,4.64,5.07,1.28,972.75,22.09,
7073563,-0.03,-0.04,0.93,4.39,4.82,1.34,972.82,22.11,
7073653,-0.01,-0.04,1.01,4.15,4.27,1.65,972.8,22.07,
7073692,-0.01,-0.05,0.96,4.03,3.54,1.59,972.86,22.07,
7073730,0.02,-0.04,0.94,3.66,3.48,1.4,972.93,22.1,
7073768,-0.01,-0.05,0.93,3.6,3.78,1.46,972.9,22.1,
7073806,-0.02,-0.05,0.89,3.42,4.15,1.59,972.92,22.1,
7073845,-0.01,-0.04,0.93,3.17,3.72,1.46,972.88,22.09,
7073883,-0.02,-0.05,0.92,2.26,4.27,1.4,972.84,22.1,
7073933,-0.02,-0.04,1.0,1.77,4.33,1.34,972.89,22.09,
7073971,-0.01,-0.05,1.01,1.28,5.07,1.34,972.96,22.11,
7074009,-0.0,-0.05,1.06,1.1,4.21,1.28,972.93,22.1,
7074048,-0.03,-0.04,1.05,0.79,5.37,1.4,972.94,22.1,
7074086,-0.01,-0.04,1.05,0.49,5.43,1.22,972.96,22.1,
7074124,-0.02,-0.04,1.07,0.49,5.86,1.4,972.97,22.11,
7074162,-0.01,-0.05,1.04,0.24,5.55,1.4,972.95,22.11,
7074201,-0.02,-0.04,1.08,0.37,4.64,1.59,973.0,22.11,
7074239,-0.02,-0.03,1.08,-0.06,5.07,1.89,972.96,22.11,
7074277,0.0,-0.03,1.07,-0.73,4.09,2.08,972.95,22.11,
7074327,-0.02,-0.02,1.13,-1.1,4.21,2.14,973.08,22.11,
7074365,0.0,-0.04,1.19,-0.92,3.36,1.95,973.02,22.11,
7074404,-0.0,-0.04,1.2,-1.16,5.0,1.83,973.04,22.11,
7074442,-0.0,-0.03,1.18,-0.73,4.46,1.83,973.02,22.1,
7074480,-0.01,-0.03,1.18,-0.79,4.94,1.83,973.06,22.11,
7074518,-0.01,-0.04,1.15,-0.79,5.19,1.77,973.03,22.11,
7074557,-0.0,-0.05,1.2,-0.49,4.7,1.77,973.13,22.12,
7074595,0.0,-0.06,1.13,-0.31,4.7,1.59,973.12,22.11,
7074633,0.0,-0.05,1.15,-0.24,3.97,1.46,973.14,22.11,
7074683,0.01,-0.05,1.15,-0.06,4.76,1.4,973.12,22.12,
7074721,0.02,-0.05,1.17,-0.24,4.09,1.4,973.06,22.1,
7074760,-0.01,-0.05,1.2,-0.18,3.85,1.28,973.08,22.12,
7074798,-0.01,-0.05,1.18,-0.06,3.91,1.22,973.1,22.11,
7074836,0.01,-0.04,1.24,-0.06,3.72,1.04,973.1,22.1,
7074874,0.01,-0.05,1.2,-0.12,3.36,0.92,973.14,22.11,
7074913,-0.01,-0.04,1.2,0.0,2.56,1.04,973.1,22.11,
7074951,-0.0,-0.04,1.2,0.18,3.97,0.85,973.1,22.1,
7074989,0.0,-0.04,1.2,0.0,4.03,0.61,973.1,22.11,
7075027,-0.01,-0.04,1.22,0.06,4.39,0.55,973.12,22.11,
7075077,-0.01,-0.04,1.21,0.18,6.04,0.43,973.15,22.1,
7075116,-0.0,-0.04,1.2,0.24,7.45,0.31,973.12,22.13,
7075154,0.0,-0.06,1.19,0.73,7.63,0.49,973.18,22.12,
7075192,0.01,-0.06,1.18,0.98,7.69,0.37,973.16,22.13,
7075230,-0.01,-0.05,1.11,0.98,8.67,0.18,973.14,22.13,
7075269,0.02,-0.05,1.12,1.22,8.85,0.18,973.14,22.11,
7075307,0.01,-0.06,1.11,1.28,9.77,-0.06,973.19,22.11,
7075345,-0.01,-0.06,1.11,1.65,9.22,0.24,973.21,22.12,
7075383,-0.0,-0.06,1.08,1.53,9.64,-0.06,973.21,22.13,
7075422,-0.01,-0.05,1.11,1.46,9.34,-0.18,973.16,22.12,
7075472,0.02,-0.04,1.09,0.98,7.81,-0.12,973.16,22.12,
7075510,-0.0,-0.04,1.15,1.16,5.74,-0.31,973.15,22.11,
7075548,-0.0,-0.06,1.16,0.61,6.23,-0.24,973.13,22.12,
7075586,-0.02,-0.05,1.22,0.98,5.62,-0.18,973.16,22.13,
7075625,-0.02,-0.05,1.18,0.79,5.74,-0.31,973.18,22.12,
7075663,-0.01,-0.04,1.18,1.1,4.39,-0.37,973.16,22.12,
7075701,-0.02,-0.04,1.14,0.98,4.27,-0.24,973.16,22.12,
7075739,-0.02,-0.05,1.12,1.04,3.17,-0.12,973.12,22.12,
7075778,-0.03,-0.05,1.09,1.1,2.81,-0.18,973.12,22.13,
7075828,-0.03,-0.04,1.11,1.46,1.4,0.0,973.1,22.11,
7075866,-0.03,-0.06,1.11,1.4,1.4,-0.12,973.13,22.12,
7075904,-0.02,-0.06,1.09,1.46,1.22,-0.06,973.13,22.11,
7075942,-0.02,-0.06,1.1,1.77,0.79,0.0,973.13,22.12,
7075981,-0.03,-0.06,1.02,1.4,0.67,-0.12,973.13,22.12,
7076019,-0.03,-0.04,1.07,2.26,-0.12,-0.12,973.15,22.13,
7076057,-0.03,-0.06,1.0,2.01,0.61,0.0,973.08,22.13,
7076095,-0.03,-0.06,1.01,2.26,-0.24,0.12,973.11,22.13,
7076134,-0.02,-0.06,1.03,1.83,-0.18,0.0,973.15,22.12,
7076172,-0.03,-0.04,1.02,1.71,-1.53,0.18,973.13,22.13,
7076222,-0.04,-0.07,1.01,1.4,-1.1,0.12,973.13,22.12,
7076260,-0.04,-0.04,1.05,1.04,-1.89,0.24,973.13,22.11,
7076298,-0.02,-0.05,1.08,1.04,-1.83,0.31,973.1,22.12,
7076337,-0.04,-0.05,1.01,0.79,-1.46,0.24,973.13,22.12,
7076375,-0.04,-0.04,1.06,1.28,-1.95,0.55,973.13,22.13,
7076413,-0.03,-0.06,1.01,1.1,-0.92,0.31,973.14,22.11,
7076451,-0.03,-0.06,0.99,1.65,-1.22,0.43,973.11,22.11,
7076490,-0.02,-0.06,0.98,1.71,-0.49,0.37,973.2,22.13,
7076528,-0.04,-0.06,0.92,2.01,0.55,0.37,973.17,22.13,
7076604,-0.02,-0.06,0.9,2.26,1.34,0.49,973.18,22.09,
7076642,-0.03,-0.06,0.89,2.75,1.53,0.31,973.17,22.12,
7076680,-0.03,-0.07,0.85,2.69,2.81,0.43,973.11,22.1,
7076770,-0.01,-0.06,0.84,2.2,2.75,0.31,973.12,22.09,
7076809,-0.02,-0.06,0.81,1.77,2.81,0.37,973.16,22.1,
7076847,-0.01,-0.06,0.82,1.83,3.11,0.24,973.17,22.1,
7076885,-0.01,-0.06,0.84,1.65,2.87,0.18,973.18,22.1,
7076923,-0.01,-0.06,0.84,1.59,2.62,0.12,973.1,22.1,
7076962,-0.02,-0.05,0.84,1.34,3.05,0.0,973.1,22.11,
7077000,-0.02,-0.05,0.88,1.59,3.23,0.0,973.14,22.11,
7077050,-0.02,-0.06,0.89,1.28,4.21,0.0,973.13,22.1,
7077088,-0.02,-0.05,0.92,1.65,4.03,-0.24,973.12,22.1,
7077126,-0.03,-0.06,0.88,1.46,5.13,-0.18,973.13,22.1,
7077164,-0.01,-0.05,0.95,1.59,4.39,-0.06,973.13,22.12,
7077203,0.0,-0.06,0.93,1.53,4.27,-0.31,973.19,22.12,
7077241,-0.01,-0.06,0.88,1.53,3.36,-0.18,973.11,22.11,
7077279,-0.02,-0.05,0.9,2.01,3.23,-0.18,973.13,22.11,
7077317,-0.0,-0.06,0.88,1.59,2.56,-0.24,973.13,22.11,
7077356,-0.01,-0.05,0.94,1.71,1.34,-0.31,973.09,22.11,
7077406,-0.01,-0.06,0.89,1.46,1.59,-0.31,973.16,22.11,
7077444,0.03,-0.05,0.95,1.77,0.67,-0.37,973.14,22.12,
7077482,-0.02,-0.06,0.92,1.53,0.43,-0.31,973.1,22.11,
7077520,-0.02,-0.05,0.97,1.83,-0.98,-0.31,973.13,22.12,
7077559,-0.02,-0.06,0.94,1.65,0.24,-0.37,973.07,22.11,
7077597,-0.01,-0.04,0.95,2.01,-1.1,-0.37,973.13,22.13,
7077635,-0.02,-0.05,0.96,2.44,-1.16,-0.49,973.14,22.11,
7077673,-0.02,-0.05,0.9,2.26,-1.16,-0.55,973.17,22.13,
7077712,-0.02,-0.05,0.93,3.17,-1.22,-0.67,973.14,22.13,
7077750,-0.02,-0.06,0.81,2.87,-0.55,-0.49,973.09,22.12,
7077800,-0.04,-0.06,0.81,3.91,-0.37,-0.85,973.09,22.1,
7077838,-0.02,-0.07,0.74,3.3,2.2,-1.16,973.1,22.11,
7077876,-0.03,-0.05,0.77,3.78,1.34,-1.1,973.11,22.12,
7077915,-0.04,-0.06,0.73,3.3,2.56,-1.16,973.1,22.13,
7077953,-0.02,-0.05,0.78,2.62,2.5,-1.22,973.14,22.13,
7077991,-0.02,-0.05,0.8,2.2,2.81,-1.34,973.11,22.12,
7078029,0.0,-0.05,0.87,1.95,1.71,-1.34,973.11,22.12,
7078068,-0.03,-0.06,0.87,1.83,1.1,-1.16,973.17,22.14,
7078106,-0.03,-0.06,0.88,1.89,0.61,-1.22,973.23,22.13,
7078156,-0.02,-0.06,0.84,2.01,0.43,-1.16,973.16,22.11,
7078194,-0.03,-0.05,0.79,1.95,-0.31,-1.1,973.21,22.12,
7078232,-0.02,-0.05,0.75,2.08,0.18,-1.22,973.22,22.13,
7078271,-0.03,-0.06,0.73,2.01,0.43,-1.34,973.14,22.12,
7078309,-0.03,-0.06,0.75,2.2,0.31,-1.4,973.19,22.13,
7078347,-0.04,-0.05,0.79,2.26,0.79,-1.4,973.17,22.12,
7078385,-0.03,-0.06,0.81,2.5,1.46,-1.4,973.19,22.12,
7078424,-0.03,-0.06,0.81,2.26,1.89,-1.34,973.21,22.12,
7078462,-0.04,-0.05,0.84,2.14,2.2,-1.53,973.2,22.13,
7078500,-0.04,-0.05,0.85,1.89,1.89,-1.4,973.2,22.13,
7078550,-0.04,-0.05,0.87,1.89,1.83,-1.4,973.22,22.12,
7078588,-0.04,-0.04,0.88,2.14,2.08,-1.4,973.23,22.13,
7078627,-0.05,-0.05,0.88,2.2,2.62,-1.22,973.29,22.13,
7078665,-0.04,-0.05,0.89,2.5,2.56,-1.16,973.22,22.12,
7078703,-0.04,-0.05,0.9,2.69,2.32,-1.16,973.23,22.12,
7078742,-0.05,-0.05,0.84,2.62,2.38,-0.79,973.25,22.13,
7078780,-0.05,-0.05,0.88,2.99,1.4,-0.79,973.23,22.14,
7078818,-0.04,-0.05,0.87,3.05,1.04,-0.73,973.23,22.12,
7078856,-0.05,-0.04,0.91,2.93,0.0,-0.49,973.24,22.13,
7078906,-0.05,-0.05,0.94,2.93,0.49,-0.24,973.23,22.12,
7078945,-0.06,-0.05,0.97,2.69,-0.06,-0.12,973.25,22.12,
7078983,-0.08,-0.06,0.97,2.87,-0.73,-0.06,973.27,22.13,
7079021,-0.07,-0.05,0.94,2.5,-0.67,0.18,973.26,22.13,
7079059,-0.06,-0.04,0.95,2.62,-0.73,0.12,973.21,22.13,
7079097,-0.07,-0.04,0.93,2.38,-0.31,0.31,973.18,22.13,
7079136,-0.07,-0.05,0.93,2.2,-0.67,0.37,973.26,22.13,
7079174,-0.08,-0.04,1.01,2.2,-0.79,0.49,973.26,22.13,
7079212,-0.07,-0.04,1.02,2.14,0.49,0.67,973.27,22.13,
7079250,-0.06,-0.03,1.03,1.53,0.18,0.67,973.29,22.13,
7079300,-0.08,-0.04,1.07,1.71,0.0,0.92,973.26,22.12,
7079339,-0.07,-0.05,1.0,1.22,0.43,1.16,973.28,22.13,
7079377,-0.07,-0.04,1.0,1.83,-0.49,1.4,973.29,22.13,
7079415,-0.06,-0.05,0.95,1.65,-1.22,1.53,973.33,22.13,
7079453,-0.06,-0.05,0.93,1.65,-2.87,1.83,973.28,22.12,
7079492,-0.06,-0.05,0.89,1.4,-3.42,1.95,973.34,22.12,
7079530,-0.07,-0.06,0.88,1.34,-3.97,2.08,973.24,22.12,
7079568,-0.06,-0.05,0.87,1.22,-5.07,2.32,973.39,22.14,
7079606,-0.09,-0.04,0.9,1.28,-6.04,2.56,973.36,22.12,
7079682,-0.05,-0.05,0.97,0.61,-4.33,2.81,973.43,22.1,
7079721,-0.06,-0.04,1.01,0.43,-3.72,2.81,973.43,22.1,
7079759,-0.08,-0.04,1.01,0.31,-2.87,3.05,973.45,22.11,
7079849,-0.06,-0.01,1.13,0.79,0.85,2.87,973.53,22.09,
7079887,-0.06,-0.04,1.15,1.34,2.01,2.99,973.52,22.09,
7079925,-0.05,-0.05,1.05,1.16,2.87,2.81,973.53,22.11,
7079964,-0.05,-0.03,1.16,1.89,2.87,2.81,973.57,22.1,
7080002,-0.05,-0.04,1.1,1.65,4.46,3.05,973.54,22.11,
7080040,-0.03,-0.01,1.22,2.32,0.24,3.17,973.54,22.11,
7080078,-0.05,-0.04,1.19,2.08,1.34,3.6,973.5,22.11,
7080128,-0.02,-0.03,1.21,1.46,-0.85,3.36,973.53,22.11,
7080167,-0.02,-0.01,1.32,1.28,-1.59,3.6,973.58,22.12,
7080205,-0.04,-0.02,1.22,0.67,-2.69,3.91,973.62,22.12,
7080243,-0.05,-0.0,1.37,0.79,-3.6,3.78,973.58,22.1,
7080281,-0.04,-0.04,1.35,0.79,-2.01,3.78,973.62,22.12,
7080320,-0.05,-0.06,1.18,0.67,-1.65,3.91,973.65,22.11,
7080358,-0.08,-0.04,1.14,1.46,-1.71,3.72,973.67,22.12,
7080396,-0.05,-0.06,0.99,1.4,-0.18,3.66,973.63,22.12,
7080434,-0.03,-0.04,1.0,2.01,-0.98,3.54,973.64,22.12,
7080484,-0.05,-0.08,0.85,1.34,1.28,4.27,973.57,22.1,
7080523,-0.08,-0.06,0.87,1.46,0.85,4.33,973.66,22.11,
7080561,-0.08,-0.08,0.84,1.53,1.46,4.52,973.59,22.12,
7080599,-0.05,-0.05,0.87,0.92,1.22,4.58,973.67,22.13,
7080637,-0.04,-0.07,0.96,2.2,0.49,4.88,973.64,22.12,
7080676,-0.07,-0.07,0.87,1.4,2.08,5.13,973.58,22.13,
7080714,-0.01,-0.04,0.95,1.53,1.28,5.13,973.57,22.14,
7080752,-0.03,-0.04,0.98,0.06,1.16,5.25,973.6,22.12,
7080790,-0.07,-0.04,1.04,-0.37,0.06,5.43,973.61,22.12,
7080829,-0.03,-0.07,1.1,-0.92,1.46,5.37,973.61,22.13,
7080879,-0.05,-0.03,1.21,-0.85,-0.98,5.55,973.65,22.11,
7080917,-0.0,-0.04,1.16,-1.1,-0.49,5.8,973.65,22.12,
7080955,-0.02,-0.03,1.17,-0.49,-1.46,5.31,973.65,22.11,
7080993,-0.02,-0.04,1.14,-0.43,-2.14,5.68,973.64,22.12,
7081032,-0.02,-0.05,1.16,-0.06,-3.91,5.55,973.61,22.13,
7081070,-0.03,-0.05,1.14,0.06,-4.46,5.19,973.57,22.13,
7081108,-0.02,-0.03,1.12,0.31,-5.19,5.19,973.67,22.13,
7081146,-0.0,-0.04,1.11,0.06,-5.86,5.13,973.62,22.13,
7081185,-0.03,-0.05,1.07,0.0,-7.02,4.94,973.6,22.13,
7081234,-0.04,-0.04,1.08,0.43,-7.87,5.0,973.65,22.11,
7081273,-0.02,-0.04,1.02,0.12,-8.79,4.94,973.64,22.13,
7081311,-0.02,-0.03,1.11,0.43,-10.44,4.88,973.64,22.13,
7081349,-0.03,-0.05,1.09,0.12,-9.34,4.88,973.63,22.13,
7081387,-0.02,-0.04,1.1,0.12,-10.07,4.76,973.62,22.12,
7081426,-0.03,-0.04,1.17,0.18,-10.38,4.52,973.7,22.12,
7081464,-0.03,-0.03,1.13,0.18,-10.25,4.82,973.63,22.12,
7081502,-0.04,-0.03,1.17,0.31,-9.95,4.52,973.69,22.14,
7081540,-0.04,-0.04,1.13,0.43,-9.46,4.52,973.69,22.13,
7081579,-0.05,-0.05,1.12,0.73,-9.77,4.46,973.64,22.13,
7081629,-0.04,-0.04,1.09,0.61,-9.7,4.52,973.67,22.12,
7081667,-0.05,-0.04,1.08,0.73,-9.4,4.39,973.65,22.11,
7081705,-0.06,-0.04,1.08,1.04,-8.85,4.58,973.64,22.13,
7081743,-0.06,-0.05,1.09,0.92,-9.28,4.52,973.65,22.14,
7081782,-0.06,-0.04,1.1,0.79,-8.85,4.58,973.64,22.13,
7081820,-0.07,-0.03,1.09,1.04,-9.34,4.76,973.64,22.12,
7081858,-0.07,-0.03,1.08,0.98,-8.73,4.94,973.69,22.14,
7081896,-0.05,-0.04,1.07,0.67,-8.18,4.94,973.7,22.12,
7081935,-0.05,-0.03,1.08,0.61,-8.12,5.13,973.72,22.13,
7081985,-0.06,-0.04,1.02,0.24,-7.39,5.49,973.72,22.13,
7082023,-0.06,-0.05,1.05,0.18,-7.08,5.43,973.72,22.13,
7082061,-0.07,-0.05,1.03,-0.49,-6.59,5.49,973.74,22.14,
7082099,-0.07,-0.05,1.07,-0.61,-6.84,5.74,973.71,22.13,
7082138,-0.06,-0.06,1.04,-1.1,-6.29,5.86,973.69,22.14,
7082176,-0.07,-0.04,1.04,-1.34,-6.04,6.16,973.68,22.13,
7082214,-0.09,-0.04,1.05,-1.59,-5.92,6.41,973.73,22.13,
7082252,-0.07,-0.04,1.1,-1.77,-5.98,6.47,973.72,22.13,
7082291,-0.07,-0.04,1.13,-2.26,-5.8,6.96,973.72,22.14,
7082341,-0.06,-0.03,1.19,-2.44,-6.35,7.02,973.7,22.12,
7082379,-0.08,-0.03,1.16,-2.62,-5.62,7.57,973.66,22.12,
7082417,-0.08,-0.03,1.19,-2.5,-5.68,7.81,973.75,22.14,
7082455,-0.08,-0.04,1.18,-2.69,-5.07,7.93,973.73,22.13,
7082494,-0.07,-0.03,1.2,-2.44,-5.07,8.06,973.72,22.12,
7082532,-0.07,-0.03,1.16,-2.93,-4.09,8.36,973.72,22.12,
7082570,-0.07,-0.02,1.19,-2.56,-3.85,8.48,973.75,22.14,
7082609,-0.06,-0.03,1.19,-2.5,-2.75,8.67,973.81,22.13,
7082647,-0.07,-0.04,1.21,-2.38,-2.99,8.85,973.81,22.13,
7082685,-0.08,-0.04,1.23,-2.08,-3.23,9.34,973.74,22.12,
7082761,-0.07,-0.0,1.18,-1.71,-3.48,9.95,973.84,22.11,
7082799,-0.05,-0.02,1.18,-1.65,-3.11,10.25,973.8,22.13,
7082837,-0.07,-0.04,1.2,-1.4,-4.82,10.56,973.74,22.11,
7082927,-0.05,-0.02,1.27,-1.53,-4.76,11.29,973.77,22.09,
7082966,-0.07,-0.03,1.16,-1.95,-4.15,11.54,973.77,22.09,
7083004,-0.08,-0.03,1.16,-1.71,-5.13,11.9,973.84,22.1,
7083042,-0.07,-0.04,1.09,-1.95,-4.15,12.08,973.8,22.11,
7083080,-0.05,-0.02,1.16,-1.53,-5.74,12.27,973.78,22.1,
7083119,-0.07,-0.04,1.13,-1.65,-4.21,12.51,973.77,22.11,
7083169,-0.1,-0.04,1.08,-1.77,-3.91,13.31,973.75,22.1,
7083207,-0.06,-0.04,1.17,-1.95,-3.36,13.43,973.75,22.1,
7083245,-0.06,-0.05,1.09,-2.38,-3.17,13.55,973.8,22.11,
7083283,-0.06,-0.02,1.16,-2.62,-3.6,14.04,973.77,22.11,
7083322,-0.06,-0.04,1.14,-2.99,-2.14,14.53,973.79,22.11,
7083360,-0.05,-0.04,1.13,-3.11,-2.87,14.71,973.78,22.12,
7083398,-0.07,-0.04,1.17,-3.48,-2.99,15.14,973.74,22.11,
7083436,-0.05,-0.04,1.12,-4.15,-2.44,15.14,973.72,22.11,
7083475,-0.06,-0.02,1.1,-4.58,-2.08,15.38,973.7,22.11,
7083525,-0.04,-0.03,1.14,-5.07,-1.89,15.62,973.75,22.1,
7083563,-0.05,-0.04,1.15,-5.25,-2.62,16.05,973.73,22.11,
7083601,-0.05,-0.03,1.16,-5.49,-1.95,16.24,973.71,22.11,
7083639,-0.05,-0.02,1.18,-5.62,-1.71,16.36,973.68,22.11,
7083678,-0.04,-0.02,1.18,-5.92,-1.65,16.36,973.76,22.11,
7083716,-0.03,-0.02,1.19,-6.23,-1.89,16.78,973.72,22.11,
7083754,-0.02,-0.02,1.19,-6.35,-1.53,16.72,973.67,22.12,
7083792,-0.01,-0.02,1.17,-6.29,-1.16,16.78,973.75,22.12,
7083831,-0.01,-0.01,1.21,-6.16,-1.71,16.78,973.75,22.13,
7083881,-0.0,-0.01,1.2,-6.04,-1.71,16.85,973.72,22.11,
7083919,-0.01,-0.01,1.24,-5.98,-2.5,16.72,973.8,22.12,
7083957,0.01,-0.02,1.25,-5.98,-2.69,16.78,973.71,22.11,
7083995,0.02,-0.01,1.26,-5.98,-3.54,16.85,973.74,22.12,
7084034,0.01,0.0,1.25,-6.04,-4.15,16.66,973.7,22.11,
7084072,0.01,-0.0,1.26,-5.92,-4.58,16.72,973.79,22.13,
7084110,0.01,-0.0,1.27,-5.92,-5.19,16.6,973.78,22.12,
7084148,0.02,0.0,1.28,-5.86,-5.92,16.3,973.68,22.12,
7084187,0.02,0.01,1.33,-5.31,-6.35,16.17,973.75,22.13,
7084237,0.02,0.0,1.3,-5.43,-6.77,15.75,973.72,22.12,
7084275,0.02,0.0,1.31,-5.55,-6.16,15.69,973.69,22.12,
7084313,0.02,0.01,1.26,-5.8,-6.23,15.32,973.69,22.12,
7084351,0.02,0.02,1.29,-5.55,-6.04,15.26,973.73,22.13,
7084390,0.02,0.01,1.25,-5.55,-5.68,15.08,973.78,22.13,
7084428,0.02,0.0,1.29,-5.07,-5.8,14.65,973.73,22.12,
7084466,0.02,-0.0,1.25,-5.13,-4.7,14.28,973.71,22.13,
7084504,0.01,0.0,1.26,-4.94,-5.13,14.04,973.79,22.14,
7084543,0.01,-0.0,1.25,-5.07,-3.54,13.85,973.7,22.13,
7084581,0.01,0.0,1.21,-5.19,-2.99,13.43,973.7,22.12,
7084631,0.02,0.0,1.25,-4.94,-2.62,13.24,973.66,22.11,
7084669,0.01,-0.01,1.21,-5.31,-2.69,13.18,973.71,22.13,
7084707,0.0,0.01,1.23,-5.55,-2.44,13.18,973.67,22.13,
7084746,0.01,0.01,1.24,-5.37,-2.08,13.12,973.69,22.13,
7084784,0.01,-0.0,1.22,-5.68,-1.83,12.88,973.67,22.13,
7084822,0.01,0.01,1.26,-5.74,-1.83,12.94,973.67,22.13,
7084860,0.02,0.0,1.27,-5.8,-1.77,12.82,973.68,22.13,
7084899,0.01,0.01,1.25,-5.98,-1.77,12.63,973.72,22.14,
7084937,0.02,0.01,1.26,-5.92,-1.65,12.63,973.69,22.13,
7084987,0.03,0.0,1.22,-6.29,-1.53,12.39,973.62,22.12,
7085025,0.01,-0.0,1.24,-6.23,-1.71,12.33,973.65,22.13,
7085063,0.02,-0.01,1.21,-6.41,-1.28,12.39,973.64,22.12,
7085102,0.02,0.01,1.22,-6.29,-1.77,12.08,973.7,22.13,
7085140,0.03,0.0,1.22,-6.35,-1.46,11.96,973.71,22.14,
7085178,0.01,-0.0,1.19,-6.29,-1.53,11.66,973.65,22.14,
7085216,0.02,-0.01,1.18,-6.65,-0.79,11.66,973.64,22.13,
7085255,0.02,-0.0,1.18,-6.77,-0.31,11.41,973.71,22.13,
7085293,0.02,0.01,1.19,-6.71,0.12,11.05,973.66,22.14,
7085331,0.01,-0.01,1.15,-6.84,0.85,10.93,973.7,22.14,
7085381,0.03,-0.01,1.16,-6.65,1.1,10.74,973.7,22.12,
7085419,0.01,-0.02,1.14,-7.02,1.95,10.44,973.79,22.14,
7085458,0.01,-0.01,1.15,-6.59,1.16,10.68,973.8,22.14,
7085496,-0.0,-0.01,1.14,-6.71,1.65,10.68,973.77,22.12,
7085534,0.01,-0.03,1.13,-6.65,1.34,10.56,973.81,22.13,
7085572,0.01,-0.03,1.11,-6.84,1.89,10.5,973.87,22.14,
7085611,0.0,-0.02,1.09,-7.2,2.14,10.56,973.88,22.13,
7085649,0.02,-0.01,1.12,-7.14,2.5,10.44,973.89,22.14,
7085687,0.02,-0.02,1.09,-7.51,2.5,10.44,973.93,22.14,
7085763,-0.01,-0.05,1.11,-7.69,2.69,10.56,973.91,22.11,
7085801,-0.01,-0.03,1.16,-7.57,1.59,10.62,973.94,22.13,
7085840,-0.01,-0.02,1.13,-7.51,1.95,10.8,973.96,22.13,
7085930,-0.01,-0.03,1.1,-7.81,2.93,11.05,973.97,22.1,
7085968,-0.02,-0.03,1.12,-8.06,2.32,11.11,974.03,22.11,
7086006,-0.01,-0.02,1.15,-8.12,2.14,11.11,973.98,22.11,
7086044,-0.02,-0.01,1.13,-8.12,1.95,11.47,973.99,22.11,
7086083,-0.02,-0.02,1.17,-8.24,1.28,11.54,974.02,22.11,
7086121,-0.02,-0.03,1.15,-8.61,1.16,11.72,974.01,22.11,
7086159,-0.02,-0.02,1.18,-8.3,0.43,11.9,974.07,22.12,
7086209,-0.02,-0.01,1.24,-8.24,0.06,12.33,974.08,22.11,
7086247,-0.03,-0.01,1.26,-8.3,0.12,12.21,974.06,22.12,
7086286,-0.02,-0.01,1.29,-8.54,0.49,12.27,974.1,22.13,
7086324,-0.02,-0.02,1.32,-8.61,0.37,12.51,974.11,22.13,
7086362,-0.02,-0.02,1.25,-9.03,0.73,12.57,974.11,22.12,
7086401,-0.04,-0.01,1.27,-8.42,0.55,12.7,974.13,22.13,
7086439,-0.01,-0.01,1.25,-8.42,1.1,12.82,974.15,22.14,
7086477,-0.02,-0.02,1.24,-8.36,-0.24,13.06,974.12,22.11,
7086515,-0.02,-0.03,1.24,-8.61,-0.49,13.31,974.15,22.14,
7086565,-0.02,-0.01,1.25,-8.36,-0.67,13.43,974.18,22.12,
7086603,-0.02,-0.0,1.27,-8.61,-0.55,13.61,974.21,22.13,
7086642,-0.01,-0.0,1.31,-8.61,-0.92,13.73,974.24,22.13,
7086680,-0.02,-0.02,1.34,-8.97,-0.24,13.85,974.24,22.13,
7086718,-0.02,-0.02,1.31,-9.16,-0.79,13.98,974.23,22.13,
7086757,-0.04,0.01,1.33,-9.16,-1.34,14.1,974.26,22.14,
7086795,-0.03,0.0,1.29,-9.22,-0.24,14.28,974.29,22.12,
7086833,-0.02,0.01,1.33,-9.22,-0.79,14.22,974.31,22.13,
7086871,-0.02,0.02,1.38,-9.34,-0.61,14.16,974.32,22.14,
7086921,-0.02,0.02,1.44,-9.46,-0.31,14.34,974.34,22.12,
7086960,-0.02,0.04,1.5,-9.46,-0.31,14.28,974.34,22.13,
7086998,-0.02,0.04,1.53,-9.46,0.37,14.28,974.36,22.13,
7087036,-0.03,0.04,1.55,-9.58,1.04,14.16,974.32,22.12,
7087075,-0.02,0.06,1.58,-9.64,1.1,14.16,974.39,22.13,
7087113,-0.04,0.06,1.58,-9.64,1.59,14.22,974.37,22.13,
7087151,-0.0,0.07,1.57,-9.7,1.95,14.22,974.42,22.13,
7087189,-0.01,0.07,1.59,-9.58,1.95,14.1,974.4,22.13,
7087228,-0.02,0.05,1.56,-9.4,2.75,14.16,974.44,22.14,
7087278,-0.02,0.04,1.58,-9.16,2.75,14.34,974.47,22.11,
7087316,-0.02,0.04,1.55,-8.61,3.3,14.1,974.49,22.12,
7087354,-0.01,0.05,1.51,-8.48,3.42,14.16,974.54,22.13,
7087392,-0.02,0.04,1.5,-8.18,3.17,14.47,974.5,22.12,
7087431,-0.02,0.02,1.44,-8.06,3.11,14.47,974.53,22.14,
7087469,-0.01,0.03,1.46,-7.81,2.14,14.77,974.63,22.14,
7087507,-0.02,0.02,1.42,-8.06,1.95,14.89,974.61,22.13,
7087546,-0.01,0.03,1.43,-7.87,0.79,14.89,974.58,22.14,
7087584,-0.01,0.02,1.43,-8.06,1.53,15.08,974.56,22.13,
7087622,-0.01,0.02,1.42,-8.18,0.49,14.89,974.61,22.12,
7087672,-0.02,0.02,1.4,-8.36,-0.31,15.2,974.67,22.11,
7087710,-0.01,0.01,1.4,-8.48,-0.67,15.08,974.62,22.13,
7087748,-0.01,0.01,1.39,-8.67,-0.37,15.2,974.66,22.12,
7087787,-0.01,0.01,1.34,-8.67,-1.22,15.2,974.63,22.11,
7087825,-0.01,0.0,1.4,-8.3,-1.53,15.2,974.69,22.14,
7087863,-0.01,-0.01,1.35,-8.61,-0.24,15.26,974.65,22.13,
7087902,0.01,0.03,1.4,-8.42,-1.95,15.44,974.73,22.13,
7087940,0.0,0.01,1.37,-8.48,-1.59,15.38,974.69,22.14,
7087978,-0.01,0.01,1.34,-8.48,-1.34,15.26,974.69,22.13,
7088028,0.01,0.03,1.41,-8.54,-1.16,15.26,974.75,22.12,
7088066,0.0,0.0,1.36,-8.3,-1.89,15.14,974.73,22.12,
7088105,-0.01,0.03,1.37,-8.42,-1.95,15.26,974.72,22.13,
7088143,-0.02,0.02,1.41,-8.48,-1.04,15.01,974.72,22.14,
7088181,-0.01,0.01,1.42,-8.42,-0.06,15.2,974.69,22.13,
7088219,0.02,0.03,1.43,-8.61,-0.31,15.01,974.72,22.13,
7088258,0.0,0.03,1.45,-8.42,0.24,14.83,974.73,22.13,
7088296,0.01,0.01,1.42,-8.36,1.28,14.59,974.68,22.13,
7088334,0.02,0.01,1.43,-8.73,1.28,14.65,974.79,22.12,
7088372,0.01,0.02,1.41,-8.3,0.98,14.59,974.69,22.14,
7088422,0.0,0.01,1.33,-8.06,1.46,14.71,974.76,22.11,
7088461,0.03,0.02,1.41,-7.87,1.1,14.65,974.78,22.13,
7088499,0.02,0.01,1.37,-8.12,1.34,14.65,974.79,22.13,
7088537,0.01,-0.0,1.28,-8.06,0.98,14.71,974.87,22.14,
7088575,0.03,0.01,1.37,-7.93,1.34,14.47,974.83,22.14,
7088614,0.03,-0.0,1.34,-8.0,2.08,14.47,974.87,22.13,
7088652,0.03,0.01,1.39,-7.69,1.4,14.28,974.86,22.13,
7088690,0.03,-0.0,1.36,-8.0,2.32,14.28,974.84,22.13,
7088728,0.02,-0.01,1.33,-8.42,2.56,14.1,974.86,22.13,
7088806,0.02,-0.01,1.3,-8.73,3.17,14.16,974.8,22.09,
7088844,0.01,0.0,1.32,-8.79,2.56,14.1,974.9,22.12,
7088882,0.02,-0.01,1.3,-8.85,3.6,14.04,974.87,22.13,
7088972,0.02,0.0,1.37,-9.03,3.36,13.92,974.92,22.1,
7089010,0.02,0.01,1.42,-8.91,2.2,13.85,974.97,22.1,
7089048,0.04,0.0,1.42,-9.09,4.09,13.61,975.03,22.11,
7089087,0.03,0.02,1.37,-9.03,3.85,13.55,975.02,22.12,
7089125,0.03,0.04,1.41,-9.28,4.33,13.43,975.04,22.11,
7089163,0.03,0.01,1.4,-9.4,4.94,13.43,975.09,22.13,
7089201,0.03,0.01,1.44,-9.46,5.25,12.94,975.06,22.12,
7089251,0.02,0.03,1.43,-9.28,5.74,12.76,975.06,22.1,
7089290,0.02,0.03,1.45,-9.46,5.74,12.76,975.09,22.12,
7089328,0.03,0.04,1.49,-9.7,6.16,12.76,975.07,22.11,
7089366,0.02,0.04,1.46,-9.77,5.19,12.88,975.11,22.12,
7089404,0.01,0.03,1.45,-9.95,5.31,12.82,975.12,22.12,
7089443,0.02,0.04,1.53,-9.64,4.58,13.06,975.18,22.13,
7089481,0.01,0.05,1.51,-9.52,3.97,13.12,975.2,22.13,
7089519,0.0,0.04,1.55,-9.09,3.05,13.55,975.24,22.13,
7089558,0.01,0.03,1.52,-8.73,2.62,13.67,975.22,22.12,
7089596,0.02,0.01,1.48,-8.67,2.26,13.73,975.2,22.13,
7089646,0.02,0.01,1.47,-8.12,1.89,13.92,975.25,22.13,
7089684,0.03,-0.01,1.43,-7.93,2.26,14.04,975.22,22.13,
7089722,0.02,0.0,1.37,-7.45,2.38,13.92,975.18,22.12,
7089761,0.02,0.0,1.37,-6.9,1.83,13.92,975.26,22.14,
7089799,0.02,-0.01,1.31,-7.02,2.01,13.92,975.27,22.13,
7089837,0.03,-0.03,1.29,-6.84,2.87,13.85,975.2,22.14,
7089875,0.01,-0.03,1.2,-6.9,5.0,13.92,975.25,22.13,
7089914,0.03,-0.01,1.17,-7.02,5.13,13.85,975.33,22.14,
7089952,0.04,0.0,1.19,-6.29,4.76,13.79,975.35,22.14,
7090002,0.01,-0.03,1.12,-6.41,4.88,13.85,975.35,22.12,
7090040,0.04,-0.04,1.16,-6.77,5.37,13.73,975.39,22.14,
7090078,0.04,-0.02,1.16,-6.84,4.76,13.61,975.42,22.13,
7090117,0.04,-0.02,1.19,-6.9,4.27,13.61,975.47,22.13,
7090155,0.03,-0.02,1.18,-7.2,4.7,13.49,975.52,22.14,
7090193,0.05,-0.02,1.19,-7.51,5.19,13.49,975.46,22.14,
7090231,0.04,-0.03,1.18,-7.93,5.31,13.37,975.49,22.14,
7090270,0.04,-0.02,1.2,-8.36,6.04,13.37,975.51,22.15,
7090308,0.04,-0.0,1.25,-8.48,6.47,12.94,975.47,22.14,
7090346,0.06,0.0,1.31,-8.67,6.53,12.63,975.51,22.14,
7090396,0.08,-0.0,1.33,-8.61,6.59,12.27,975.49,22.13,
7090434,0.08,0.0,1.43,-8.48,6.29,12.02,975.43,22.13,
7090473,0.08,0.01,1.41,-8.73,6.77,11.84,975.52,22.13,
7090511,0.05,0.02,1.41,-8.73,6.1,11.47,975.5,22.13,
7090549,0.06,-0.0,1.42,-8.79,6.77,11.29,975.57,22.14,
7090587,0.06,-0.01,1.38,-8.67,6.77,10.93,975.55,22.13,
7090626,0.06,-0.0,1.36,-8.42,7.57,10.86,975.53,22.14,
7090664,0.06,0.0,1.32,-7.81,8.06,10.44,975.63,22.14,
7090702,0.06,-0.01,1.35,-7.26,8.91,10.07,975.58,22.14,
7090752,0.05,-0.02,1.33,-6.77,8.97,10.07,975.69,22.14,
7090790,0.04,-0.01,1.35,-6.65,8.73,9.7,975.63,22.13,
7090829,0.06,-0.0,1.37,-6.35,9.34,9.4,975.67,22.13,
7090867,0.07,-0.0,1.37,-6.47,9.52,9.4,975.62,22.13,
7090905,0.05,-0.0,1.36,-6.16,9.83,9.16,975.69,22.14,
7090943,0.05,-0.01,1.32,-6.16,11.54,8.91,975.73,22.14,
7090982,0.06,-0.01,1.37,-5.92,12.45,8.61,975.72,22.14,
7091020,0.07,-0.02,1.38,-5.86,13.18,8.42,975.81,22.15,
7091058,0.05,-0.01,1.33,-5.31,12.76,8.18,975.84,22.15,
7091096,0.05,-0.01,1.33,-5.37,13.61,8.06,975.81,22.14,
7091146,0.06,-0.01,1.26,-5.49,13.06,8.0,975.85,22.14,
7091185,0.04,-0.01,1.34,-4.94,12.57,7.69,975.89,22.15,
7091223,0.03,-0.04,1.21,-5.13,13.06,8.12,975.92,22.15,
7091261,0.05,-0.02,1.24,-4.94,11.96,7.75,975.98,22.15,
7091299,0.04,-0.03,1.16,-5.13,12.76,7.87,975.92,22.14,
7091338,0.05,-0.03,1.17,-4.88,11.35,8.0,975.9,22.14,
7091376,0.05,-0.03,1.18,-4.76,11.17,8.0,975.99,22.15,
7091414,0.04,-0.04,1.16,-4.39,9.7,8.12,976.0,22.16,
7091453,0.05,-0.04,1.17,-4.76,9.16,8.0,976.09,22.16,
7091502,0.05,-0.05,1.13,-4.58,8.67,7.87,976.07,22.13,
7091541,0.04,-0.03,1.15,-4.52,7.81,7.81,976.07,22.15,
7091579,0.07,-0.03,1.16,-4.15,8.3,7.51,976.13,22.14,
7091617,0.06,-0.03,1.18,-3.54,7.63,7.32,976.19,22.15,
7091655,0.05,-0.05,1.14,-3.36,7.57,7.32,976.16,22.15,
7091694,0.04,-0.04,1.15,-2.75,7.39,6.96,976.17,22.15,
7091732,0.05,-0.04,1.16,-2.99,7.69,6.71,976.21,22.14,
7091770,0.07,-0.03,1.17,-2.38,7.2,6.35,976.2,22.15,
7091808,0.05,-0.03,1.18,-1.95,7.45,6.23,976.19,22.15,
7091847,0.06,-0.04,1.15,-1.83,7.39,6.1,976.2,22.14,
7091923,0.05,-0.04,1.16,-1.65,7.45,5.8,976.22,22.13,
7091961,0.02,-0.03,1.19,-1.59,7.08,5.68,976.25,22.13,
7091999,0.03,-0.03,1.17,-1.46,7.2,5.49,976.26,22.14,
7092089,0.03,-0.03,1.16,-0.85,7.08,5.13,976.34,22.11,
7092127,0.04,-0.03,1.18,-0.85,7.14,5.25,976.37,22.11,
7092166,0.03,-0.04,1.16,-0.73,7.26,4.94,976.37,22.12,
7092204,0.03,-0.04,1.14,-0.67,6.84,4.88,976.4,22.13,
7092242,0.03,-0.03,1.17,-0.55,7.14,4.7,976.37,22.12,
7092280,0.04,-0.04,1.14,-0.43,7.57,4.52,976.49,22.12,
7092319,0.03,-0.04,1.15,-0.18,6.47,4.52,976.51,22.15,
7092369,0.01,-0.05,1.14,-0.18,6.65,4.39,976.52,22.12,
7092407,0.02,-0.04,1.15,0.12,6.41,4.46,976.52,22.13,
7092445,0.01,-0.04,1.15,0.18,6.59,4.33,976.55,22.14,
7092483,0.02,-0.04,1.12,0.24,6.71,4.15,976.54,22.14,
7092522,0.01,-0.04,1.14,0.24,6.65,4.09,976.48,22.13,
7092560,0.02,-0.05,1.07,0.37,7.45,3.97,976.6,22.14,
7092598,0.01,-0.04,1.1,0.67,6.77,3.91,976.57,22.15,
7092636,0.0,-0.05,1.1,0.61,6.96,3.91,976.58,22.15,
7092675,0.01,-0.05,1.08,0.67,7.02,3.97,976.59,22.15,
7092725,0.02,-0.05,1.13,0.85,7.69,3.85,976.63,22.14,
7092763,0.01,-0.05,1.09,0.55,7.87,3.85,976.63,22.14,
7092801,-0.0,-0.04,1.1,0.49,8.12,3.91,976.63,22.15,
7092839,-0.0,-0.04,1.09,0.49,8.91,3.78,976.65,22.15,
7092878,0.01,-0.05,1.09,0.37,8.61,3.6,976.64,22.15,
7092916,0.01,-0.05,1.1,0.37,8.97,3.85,976.65,22.15,
7092954,-0.01,-0.05,1.09,0.37,9.16,3.78,976.7,22.16,
7092992,0.0,-0.05,1.11,0.49,9.89,3.54,976.68,22.14,
7093031,0.02,-0.05,1.1,0.37,9.58,3.6,976.71,22.15,
7093069,0.01,-0.04,1.13,0.55,9.28,3.78,976.71,22.16,
7093119,0.0,-0.06,1.06,0.43,9.58,3.72,976.68,22.14,
7093157,0.0,-0.04,1.1,0.37,9.52,3.6,976.7,22.15,
7093195,0.0,-0.05,1.05,0.49,9.95,3.72,976.76,22.15,
7093233,0.01,-0.05,1.08,0.67,9.16,3.54,976.75,22.15,
7093272,0.01,-0.05,1.08,0.43,9.58,3.6,976.74,22.15,
7093310,0.01,-0.05,1.07,0.67,9.28,3.48,976.74,22.15,
7093348,0.0,-0.05,1.06,0.61,9.03,3.6,976.83,22.16,
7093386,0.01,-0.04,1.06,0.79,8.3,3.72,976.77,22.15,
7093425,0.01,-0.06,1.05,0.73,8.0,3.6,976.81,22.16,
7093463,0.01,-0.05,1.03,1.04,7.26,3.6,976.79,22.15,
7093513,-0.0,-0.05,1.06,1.22,7.63,3.42,976.83,22.15,
7093551,0.01,-0.06,1.0,1.22,7.87,3.48,976.82,22.15,
7093589,0.0,-0.05,1.07,1.89,8.06,3.36,976.81,22.15,
7093628,0.01,-0.07,0.99,1.53,9.4,3.42,976.82,22.16,
7093666,0.01,-0.04,1.05,1.59,8.42,3.23,976.86,22.16,
7093704,0.01,-0.06,1.04,1.77,9.46,3.17,976.81,22.16,
7093742,0.02,-0.06,1.01,1.65,9.28,3.11,976.85,22.15,
7093781,0.01,-0.05,1.0,1.77,9.28,2.99,976.85,22.17,
7093819,0.02,-0.06,0.94,1.34,9.83,2.75,976.84,22.17,
7093857,0.02,-0.06,1.0,1.65,9.89,2.75,976.82,22.15,
7093907,0.03,-0.06,0.95,1.04,11.66,2.5,976.79,22.15,
7093945,0.01,-0.06,1.03,1.71,12.15,2.38,976.82,22.16,
7093984,0.02,-0.07,0.99,1.22,14.47,2.32,976.77,22.16,
7094022,0.04,-0.06,1.09,1.77,14.77,1.83,976.82,22.17,
7094060,0.04,-0.06,1.09,1.28,16.72,1.71,976.75,22.16,
7094098,0.03,-0.06,1.12,1.77,16.11,1.83,976.84,22.17,
7094137,0.02,-0.06,1.09,1.77,17.82,1.65,976.76,22.15,
7094175,0.04,-0.06,1.06,2.08,17.88,1.4,976.75,22.16,
7094213,0.05,-0.06,1.08,2.44,17.09,1.59,976.78,22.17,
7094251,0.04,-0.06,1.0,2.32,17.09,1.59,976.83,22.17,
7094301,0.05,-0.06,1.06,2.87,16.91,1.22,976.82,22.17,
7094340,0.04,-0.07,1.04,2.87,17.15,1.1,976.82,22.17,
7094378,0.04,-0.05,1.11,3.17,16.48,0.92,976.83,22.18,
7094416,0.04,-0.06,1.09,2.56,16.85,0.92,976.77,22.16,
7094455,0.04,-0.07,1.06,2.62,16.17,0.67,976.85,22.16,
7094493,0.04,-0.06,1.03,2.75,16.54,0.67,976.81,22.17,
7094531,0.04,-0.06,0.98,2.56,16.05,0.61,976.81,22.17,
7094569,0.01,-0.05,1.0,2.69,15.2,0.49,976.9,22.17,
7094608,0.02,-0.08,0.94,2.44,16.3,0.49,976.86,22.17,
7094658,0.01,-0.06,1.01,2.38,16.11,0.37,976.86,22.16,
7094696,0.04,-0.07,1.03,2.32,17.58,0.18,976.85,22.16,
7094734,0.04,-0.06,1.02,1.89,16.6,0.0,976.95,22.18,
7094772,0.01,-0.06,1.11,2.75,17.33,0.18,976.95,22.17,
7094811,0.04,-0.08,1.01,1.83,17.15,0.0,976.93,22.17,
7094849,0.03,-0.05,1.06,2.38,15.5,0.0,976.91,22.16,
7094887,0.02,-0.07,0.98,1.53,16.78,0.31,976.99,22.18,
7094925,0.03,-0.07,1.0,1.83,15.32,-0.06,976.89,22.16,
7094964,0.05,-0.07,1.02,1.4,15.2,-0.24,976.99,22.17,
7095002,0.04,-0.06,1.05,1.34,13.98,-0.24,977.0,22.17,
7095078,0.05,-0.06,1.07,1.53,12.27,-0.55,977.07,22.15,
7095116,0.04,-0.07,1.15,1.89,10.56,-0.73,977.07,22.14,
7095154,0.04,-0.08,1.13,1.83,9.34,-0.61,977.03,22.15,
7095244,0.03,-0.07,1.07,1.28,6.04,-0.85,977.08,22.11,
7095283,0.03,-0.06,1.15,1.4,3.78,-0.98,977.02,22.13,
7095321,0.05,-0.07,1.11,0.61,4.76,-1.28,977.06,22.15,
7095359,0.04,-0.07,1.08,0.0,4.64,-1.34,976.97,22.14,
7095397,0.04,-0.07,1.12,-0.31,5.92,-1.71,976.95,22.15,
7095436,0.02,-0.06,1.18,-0.06,6.41,-2.08,976.98,22.14,
7095486,0.04,-0.07,1.25,-0.31,8.85,-2.01,976.89,22.15,
7095524,0.06,-0.04,1.32,-0.55,7.93,-2.38,976.9,22.15,
7095562,0.04,-0.04,1.36,-1.59,8.79,-2.44,976.91,22.15,
7095600,0.02,-0.03,1.41,-2.14,8.06,-2.56,976.91,22.15,
7095639,0.03,-0.04,1.42,-2.81,10.07,-2.75,976.94,22.15,
7095677,0.03,-0.04,1.45,-2.44,10.86,-3.17,976.95,22.16,
7095715,0.02,-0.05,1.37,-2.01,14.28,-3.17,976.98,22.16,
7095753,0.04,-0.02,1.37,-1.65,14.65,-3.54,976.99,22.16,
7095792,0.02,-0.04,1.37,-0.61,16.66,-3.91,976.96,22.17,
7095830,0.02,-0.06,1.3,0.31,16.54,-4.21,976.96,22.17,
7095880,-0.01,-0.05,1.3,1.59,18.19,-4.03,976.94,22.16,
7095918,0.02,-0.07,1.19,2.75,18.62,-4.33,976.85,22.16,
7095957,0.04,-0.06,1.16,3.17,17.4,-4.7,976.94,22.16,
7095995,0.03,-0.09,1.11,3.3,19.96,-4.7,976.94,22.16,
7096033,0.02,-0.1,1.04,3.36,20.32,-5.13,977.02,22.17,
7096071,0.01,-0.07,1.07,4.52,18.86,-5.31,976.99,22.17,
7096110,0.0,-0.09,0.94,3.54,18.49,-5.07,977.04,22.17,
7096148,0.0,-0.08,0.93,4.21,16.36,-5.31,977.02,22.17,
7096186,-0.02,-0.11,0.82,4.15,15.14,-5.49,977.08,22.18,
7096236,-0.02,-0.08,0.79,3.6,11.96,-5.43,977.07,22.16,
7096274,0.01,-0.07,0.72,3.23,11.84,-5.55,977.06,22.17,
7096313,0.01,-0.07,0.75,1.59,10.25,-5.43,977.0,22.17,
7096351,-0.01,-0.09,0.82,1.89,9.4,-5.31,977.02,22.17,
7096389,-0.01,-0.1,0.76,-0.24,8.06,-5.07,977.02,22.18,
7096428,0.02,-0.08,0.86,0.43,7.57,-5.74,977.04,22.18,
7096466,-0.02,-0.09,0.75,-0.79,7.63,-5.68,976.99,22.17,
7096504,-0.01,-0.07,0.86,-0.85,5.37,-5.43,976.99,22.17,
7096542,0.01,-0.1,0.79,-1.53,6.65,-5.62,977.01,22.18,
7096580,-0.02,-0.07,0.84,-2.69,5.98,-5.68,977.06,22.18,
7096630,-0.01,-0.09,0.89,-3.11,7.2,-5.74,977.07,22.16,
7096669,-0.02,-0.09,0.99,-3.05,6.84,-5.98,977.03,22.17,
7096707,0.01,-0.09,1.04,-2.75,7.32,-6.04,977.06,22.18,
7096745,-0.02,-0.08,1.01,-3.36,9.22,-6.1,977.09,22.17,
7096783,-0.02,-0.08,1.02,-2.69,9.52,-5.98,976.99,22.17,
7096822,-0.01,-0.1,0.99,-3.05,10.86,-5.98,977.07,22.17,
7096860,-0.01,-0.09,1.05,-3.05,10.86,-6.1,977.12,22.18,
7096898,-0.01,-0.09,0.99,-3.6,12.39,-6.04,977.11,22.18,
7096936,0.01,-0.07,1.03,-3.42,12.08,-6.35,977.12,22.18,
7096986,-0.01,-0.09,1.0,-3.11,13.73,-6.29,977.09,22.15,
7097025,-0.0,-0.07,1.11,-2.38,11.9,-6.16,977.07,22.17,
7097063,0.01,-0.08,1.08,-2.5,13.43,-6.1,977.12,22.17,
7097101,-0.0,-0.08,1.07,-2.44,11.54,-6.47,977.11,22.16,
7097139,-0.0,-0.09,1.12,-1.95,11.05,-6.53,977.1,22.16,
7097178,0.03,-0.07,1.13,-2.5,10.01,-6.53,977.09,22.18,
7097216,0.0,-0.07,1.14,-2.08,8.67,-6.53,977.05,22.16,
7097254,-0.01,-0.07,1.09,-2.69,8.42,-6.47,977.1,22.17,
7097292,0.01,-0.08,1.14,-2.75,8.3,-6.77,977.04,22.17,
7097342,0.01,-0.07,1.11,-2.62,8.06,-7.08,977.09,22.15,
7097381,-0.0,-0.08,1.05,-3.11,8.91,-7.2,977.14,22.16,
7097419,-0.01,-0.07,1.03,-2.69,9.64,-7.39,977.12,22.17,
7097457,-0.0,-0.08,1.02,-2.69,10.38,-7.57,977.1,22.16,
7097495,-0.01,-0.07,1.01,-2.75,10.13,-7.63,977.13,22.17,
7097534,-0.02,-0.07,1.07,-2.44,10.31,-7.57,977.13,22.17,
7097572,-0.01,-0.09,1.04,-2.62,12.02,-7.75,977.13,22.18,
7097610,0.01,-0.08,1.05,-2.5,11.29,-7.75,977.11,22.17,
7097648,-0.02,-0.09,1.03,-2.87,10.74,-8.06,977.22,22.18,
7097687,-0.02,-0.08,1.04,-2.75,10.5,-7.87,977.09,22.18,
7097737,-0.0,-0.07,1.05,-3.17,10.01,-8.0,977.13,22.16,
7097775,-0.01,-0.07,1.1,-3.11,8.36,-7.87,977.13,22.17,
7097813,-0.0,-0.07,1.13,-3.78,8.3,-7.93,977.19,22.17,
7097851,-0.0,-0.06,1.19,-4.21,8.12,-8.06,977.16,22.17,
7097890,-0.01,-0.06,1.26,-4.46,7.69,-8.0,977.1,22.17,
7097928,-0.03,-0.06,1.28,-4.88,7.26,-8.12,977.11,22.17,
7097966,-0.02,-0.05,1.35,-4.88,7.26,-8.06,977.14,22.18,
7098004,0.01,-0.06,1.29,-5.19,7.93,-8.18,977.17,22.18,
7098043,-0.02,-0.07,1.22,-5.13,7.63,-8.36,977.14,22.18,
7098119,-0.02,-0.07,1.12,-4.58,8.3,-8.91,977.21,22.14,
7098157,-0.02,-0.06,1.11,-3.91,7.57,-9.03,977.18,22.15,
7098195,-0.01,-0.08,1.08,-4.15,8.24,-8.85,977.2,22.17,
7098285,-0.03,-0.06,1.11,-3.66,5.98,-9.16,977.18,22.12,
7098323,-0.04,-0.07,1.08,-3.66,5.25,-9.03,977.17,22.14,
7098361,-0.02,-0.07,1.06,-4.21,4.82,-9.22,977.14,22.15,
7098400,-0.01,-0.06,1.09,-4.76,4.33,-9.4,977.18,22.16,
7098438,-0.03,-0.06,1.15,-5.0,4.82,-9.46,977.15,22.14,
7098476,-0.02,-0.06,1.24,-4.94,3.97,-9.28,977.16,22.16,
7098526,-0.04,-0.04,1.31,-5.25,4.46,-9.34,977.15,22.14,
7098564,-0.05,-0.03,1.48,-4.82,4.39,-9.52,977.16,22.16,
7098603,-0.01,-0.04,1.54,-4.64,5.92,-9.83,977.21,22.15,
7098641,-0.03,-0.04,1.55,-4.76,6.59,-9.89,977.12,22.17,
7098679,-0.05,-0.01,1.57,-4.39,7.63,-9.95,977.12,22.16,
7098717,-0.06,-0.02,1.59,-3.97,9.34,-9.89,977.12,22.16,
7098756,-0.04,-0.02,1.59,-3.85,10.25,-10.01,977.12,22.15,
7098794,-0.04,-0.01,1.57,-3.72,9.89,-10.01,977.17,22.17,
7098832,-0.08,0.02,1.45,-3.42,10.38,-9.83,976.65,22.17,
7098882,-0.03,-0.07,1.44,-2.99,12.08,-9.4,975.85,22.15,
7098920,-0.04,-0.07,1.31,-2.5,8.42,-9.09,975.69,22.17,
7098959,-0.08,-0.0,1.37,-1.71,5.55,-8.91,975.96,22.16,
7098997,-0.02,-0.07,1.15,-3.11,6.9,-8.67,976.29,22.17,
7099035,-0.02,-0.04,1.36,-1.4,4.88,-8.67,976.17,22.18,
7099074,-0.05,-0.09,1.22,-2.69,5.55,-8.36,975.82,22.18,
7099112,-0.08,-0.03,1.22,-3.11,3.11,-8.79,975.67,22.18,
7099150,-0.1,-0.04,1.32,-2.69,3.97,-8.36,975.59,22.17,
7099188,-0.03,-0.07,1.21,-3.17,5.0,-8.18,975.57,22.16,
7099226,-0.07,-0.06,1.19,-2.38,2.87,-8.06,975.64,22.16,
7099276,-0.08,-0.07,1.07,-3.05,4.33,-8.18,975.96,22.17,
7099315,-0.08,-0.04,1.12,-2.75,3.54,-7.93,976.83,22.17,
7099353,-0.06,-0.07,1.07,-2.81,3.36,-7.57,977.88,22.18,
7099391,-0.08,-0.1,1.03,-2.2,1.1,-7.51,978.54,22.17,
7099429,-0.1,-0.16,0.9,-2.26,3.42,-7.02,978.93,22.18,
7099468,-0.09,-0.1,0.91,-2.5,1.28,-7.14,979.06,22.18,
7099506,-0.08,-0.09,0.92,-1.34,0.98,-6.84,979.1,22.18,
7099544,-0.09,-0.11,0.8,-2.75,2.69,-6.65,979.06,22.18,
7099582,-0.13,-0.09,0.95,-1.65,1.53,-6.47,979.15,22.18,
7099632,-0.08,-0.08,0.85,-2.2,3.91,-6.1,979.21,22.17,
7099671,-0.1,-0.08,0.89,-1.4,4.82,-5.98,979.15,22.17,
7099709,-0.1,-0.09,1.01,-1.28,6.04,-5.92,979.07,22.18,
7099747,-0.06,-0.1,1.14,-1.34,7.39,-5.92,979.01,22.18,
7099786,-0.07,-0.1,1.13,-2.01,8.42,-5.68,979.01,22.16,
7099824,-0.11,-0.08,1.23,-1.59,7.69,-5.19,979.1,22.18,
7099862,-0.08,-0.1,1.15,-1.95,10.25,-4.82,979.16,22.18,
7099900,-0.08,-0.09,1.18,-1.46,7.93,-4.88,979.18,22.17,
7099938,-0.12,-0.11,1.01,-1.4,7.45,-4.52,979.21,22.18,
7099988,-0.09,-0.08,1.02,-0.73,8.12,-4.58,979.24,22.18,
7100027,-0.06,-0.1,0.96,-0.73,8.36,-4.09,979.21,22.17,
7100065,-0.05,-0.07,1.02,-0.49,5.86,-4.21,979.28,22.18,
7100103,-0.08,-0.09,1.09,0.24,5.13,-4.21,979.24,22.17,
7100141,-0.05,-0.1,1.04,-1.1,7.08,-4.27,979.18,22.17,
7100180,-0.05,-0.08,1.15,-0.12,7.26,-4.46,979.15,22.18,
7100218,-0.06,-0.11,1.03,-1.53,7.39,-4.64,979.16,22.18,
7100256,-0.08,-0.08,1.1,-1.04,6.77,-4.52,979.27,22.17,
7100294,-0.03,-0.09,1.03,-1.4,8.06,-4.39,979.26,22.17,
7100333,-0.07,-0.1,1.04,-1.28,7.75,-4.52,979.28,22.19,
7100383,-0.12,-0.12,1.0,-0.92,7.39,-4.21,979.37,22.16,
7100421,-0.07,-0.09,0.96,-1.46,9.03,-4.27,979.46,22.18,
7100459,-0.04,-0.1,1.05,-0.67,8.67,-4.46,979.4,22.17,
7100497,-0.05,-0.09,0.97,-1.22,8.91,-4.21,979.45,22.18,
7100536,-0.04,-0.09,1.11,-1.22,8.36,-4.15,979.35,22.17,
7100574,-0.06,-0.09,1.08,-1.1,7.81,-4.03,979.4,22.17,
7100612,-0.05,-0.09,1.09,-1.28,5.43,-3.85,979.33,22.17,
7100650,-0.05,-0.1,1.13,-1.77,4.7,-3.66,979.37,22.16,
7100689,-0.02,-0.1,1.12,-2.38,3.6,-3.78,979.32,22.17,
7100739,-0.07,-0.08,1.04,-2.44,0.18,-3.6,979.39,22.16,
7100777,-0.03,-0.09,1.01,-2.44,-1.16,-3.78,979.37,22.16,
7100815,-0.06,-0.09,1.09,-3.05,-0.12,-3.48,979.53,22.16,
7100853,0.0,-0.1,1.1,-2.69,-3.05,-3.72,979.42,22.16,
7100892,-0.03,-0.09,1.14,-2.44,-4.7,-4.03,979.43,22.15,
7100930,-0.02,-0.1,1.13,-2.99,-5.31,-3.78,979.58,22.16,
7100968,-0.04,-0.08,1.3,-2.5,-7.02,-3.85,979.48,22.15,
7101007,-0.04,-0.08,1.23,-2.62,-8.67,-4.03,979.49,22.15,
7101045,-0.08,-0.08,1.28,-2.81,-9.83,-4.21,979.59,22.16,
7101121,0.02,-0.09,1.24,-2.2,-11.66,-4.7,979.57,22.13,
7101159,-0.05,-0.08,1.24,-2.08,-10.86,-4.58,979.66,22.15,
7101197,-0.01,-0.1,1.18,-1.65,-10.01,-4.76,979.74,22.15,
7101287,-0.01,-0.13,0.94,-3.17,-6.9,-5.25,979.8,22.1,
7101325,-0.03,-0.13,1.0,-2.08,-6.71,-6.04,979.84,22.13,
7101364,-0.03,-0.13,0.9,-2.93,-4.58,-6.23,980.01,22.14,
7101402,-0.01,-0.12,0.85,-2.38,-5.25,-6.29,980.05,22.13,
7101440,-0.03,-0.13,0.75,-2.5,-5.19,-6.41,980.01,22.13,
7101478,-0.02,-0.11,0.71,-2.2,-4.82,-6.47,980.08,22.13,
7101528,0.01,-0.1,0.75,-2.44,-5.19,-6.71,980.14,22.13,
7101567,-0.0,-0.11,0.72,-2.38,-7.08,-6.65,980.21,22.14,
7101605,-0.03,-0.12,0.79,-2.14,-8.67,-6.77,980.29,22.13,
7101643,-0.01,-0.12,0.83,-2.26,-9.58,-6.77,980.03,22.14,
7101681,0.02,-0.11,0.99,-2.2,-11.05,-7.02,980.26,22.14,
7101720,0.01,-0.12,0.94,-3.11,-11.23,-7.14,980.31,22.12,
7101758,-0.04,-0.12,0.96,-2.87,-10.8,-7.2,980.28,22.14,
7101796,-0.03,-0.1,0.89,-3.36,-8.97,-7.81,980.4,22.15,
7101834,0.05,-0.1,0.9,-2.69,-9.7,-8.3,980.39,22.14,
7101884,-0.02,-0.12,1.04,-2.2,-8.0,-8.54,980.43,22.14,
7101923,-0.0,-0.11,1.0,-1.83,-6.71,-9.03,980.42,22.14,
7101961,0.0,-0.12,1.11,-2.08,-6.41,-9.52,980.45,22.14,
7101999,-0.03,-0.1,1.15,-1.28,-6.47,-9.58,980.38,22.14,
7102037,-0.03,-0.11,1.2,-2.2,-6.29,-9.7,980.42,22.14,
7102076,-0.06,-0.1,1.27,-1.59,-5.62,-9.89,980.45,22.14,
7102114,-0.02,-0.08,1.25,-2.69,-4.15,-10.13,980.5,22.14,
7102152,-0.07,-0.06,1.3,-1.89,-6.53,-10.25,980.18,22.14,
7102190,-0.03,-0.06,1.34,-2.87,-4.64,-10.31,980.33,22.15,
7102240,-0.05,-0.08,1.33,-2.87,-5.62,-10.25,980.41,22.13,
7102279,-0.06,-0.1,1.26,-2.81,-3.91,-10.31,980.39,22.14,
7102317,-0.07,-0.1,1.01,-2.99,-2.44,-10.38,980.61,22.15,
7102355,-0.08,-0.09,1.19,-1.53,-1.95,-10.56,980.57,22.14,
7102393,-0.04,-0.15,1.03,-2.56,-0.18,-10.31,980.72,22.14,
7102432,-0.09,-0.11,0.89,-2.44,-0.79,-10.19,980.89,22.15,
7102470,-0.11,-0.14,0.86,-1.46,-0.98,-10.01,980.91,22.15,
7102508,-0.11,-0.14,0.84,-1.1,-1.4,-10.19,980.93,22.14,
7102547,-0.04,-0.14,0.86,-0.55,-2.32,-9.58,981.07,22.15,
7102597,-0.13,-0.15,0.79,-0.85,-3.05,-9.16,980.98,22.14,
7102635,-0.09,-0.12,0.86,-1.34,-1.22,-8.61,980.94,22.14,
7102673,-0.12,-0.11,0.91,-1.77,-1.22,-8.36,980.82,22.13,
7102712,-0.12,-0.13,1.02,-2.2,-1.83,-7.87,980.88,22.14,
7102750,-0.14,-0.13,0.94,-3.66,-2.2,-7.69,980.87,22.15,
7102788,-0.11,-0.09,1.18,-3.42,-1.28,-7.32,980.99,22.14,
7102826,-0.17,-0.12,1.14,-3.78,-0.67,-6.47,980.91,22.14,
7102865,-0.09,-0.11,1.11,-3.78,-4.21,-6.1,980.81,22.14,
7102903,-0.18,-0.12,1.15,-4.46,-4.64,-5.49,980.86,22.14,
7102941,-0.18,-0.12,1.18,-4.82,-4.82,-4.76,980.88,22.15,
7102991,-0.17,-0.09,1.42,-3.85,-5.98,-4.46,980.95,22.13,
7103029,-0.2,-0.11,1.42,-2.75,-5.86,-4.09,981.02,22.14,
7103068,-0.14,-0.14,1.48,-2.87,-5.37,-3.48,981.08,22.13,
7103106,-0.12,-0.11,1.39,-2.87,-2.32,-3.05,981.09,22.14,
7103144,-0.21,-0.13,1.35,-1.95,-0.31,-2.81,981.14,22.13,
7103182,-0.15,-0.12,1.35,0.67,1.89,-3.05,981.08,22.13,
7103221,-0.13,-0.12,1.04,-0.73,2.87,-2.08,981.14,22.14,
7103259,-0.14,-0.11,1.17,1.04,1.4,-2.14,981.32,22.13,
7103297,-0.17,-0.11,1.06,1.34,6.29,-2.2,981.39,22.14,
7103347,-0.16,-0.11,1.17,2.2,4.39,-1.53,981.42,22.13,
7103385,-0.11,-0.13,1.07,1.4,4.88,-1.34,981.49,22.13,
7103424,-0.15,-0.13,1.04,1.46,4.03,-0.55,981.5,22.15,
7103462,-0.12,-0.14,0.96,0.98,4.46,-0.06,981.57,22.14,
7103500,-0.15,-0.13,0.9,0.55,-0.98,0.43,981.61,22.14,
7103538,-0.12,-0.13,0.9,0.49,-1.77,0.85,981.67,22.13,
7103577,-0.12,-0.16,0.87,-0.37,-1.16,1.34,981.7,22.14,
7103615,-0.09,-0.16,1.03,0.12,-3.17,1.46,981.76,22.14,
7103653,-0.1,-0.16,1.0,0.18,-3.78,1.95,981.79,22.13,
7103703,-0.1,-0.15,1.0,0.73,-4.39,2.32,981.92,22.13,
7103741,-0.07,-0.16,0.92,0.31,-2.69,2.2,981.83,22.13,
7103780,-0.07,-0.15,1.0,0.67,-2.44,2.32,981.84,22.13,
7103818,-0.07,-0.15,0.85,0.31,-2.2,2.38,981.94,22.13,
7103856,-0.05,-0.12,0.86,-0.49,-1.83,2.5,981.85,22.14,
7103894,-0.04,-0.16,0.92,-0.06,-1.16,2.62,981.9,22.14,
7103933,-0.04,-0.16,0.9,-0.61,-1.1,2.08,981.97,22.14,
7103971,-0.06,-0.16,1.01,-0.43,-1.22,2.26,981.99,22.13,
7104009,-0.02,-0.15,0.96,-0.98,-0.31,2.26,981.93,22.13,
7104047,-0.03,-0.16,0.94,-0.67,0.37,2.01,981.97,22.13,
7104123,-0.03,-0.17,0.95,-0.85,-1.04,1.95,982.07,22.11,
7104162,-0.03,-0.15,1.02,-0.92,-0.49,1.83,982.13,22.12,
7104200,-0.03,-0.14,1.01,-1.16,0.0,1.59,982.13,22.13,
7104290,-0.05,-0.16,1.09,-1.04,1.1,1.28,982.2,22.09,
7104328,-0.02,-0.16,1.12,-1.16,2.14,1.04,982.08,22.1,
7104366,-0.01,-0.15,1.14,-1.28,2.81,0.98,982.14,22.11,
7104404,-0.05,-0.14,1.12,-1.22,2.99,0.79,982.26,22.11,
7104443,0.0,-0.15,1.08,-1.65,3.17,0.79,982.12,22.11,
7104481,0.03,-0.17,1.1,-1.28,3.91,0.85,982.16,22.12,
7104531,0.04,-0.13,1.06,-1.22,4.03,0.55,982.26,22.11,
7104569,-0.0,-0.14,1.04,-1.4,5.07,0.55,982.28,22.13,
7104607,-0.01,-0.15,0.99,-1.1,5.19,0.37,982.29,22.11,
7104646,0.01,-0.14,1.05,-1.22,3.54,0.12,982.27,22.12,
7104684,0.03,-0.16,1.15,-1.04,3.6,0.06,982.32,22.13,
7104722,0.02,-0.14,1.04,-0.79,4.03,0.0,982.27,22.12,
7104760,0.0,-0.14,1.14,-0.31,5.86,-0.12,982.24,22.12,
7104799,0.01,-0.13,1.1,-0.37,7.2,-0.49,982.24,22.11,
7104837,0.0,-0.14,1.25,1.1,5.55,-0.98,982.33,22.13,
7104875,-0.01,-0.13,1.19,0.24,8.91,-1.53,982.35,22.14,
7104925,0.02,-0.11,1.28,0.73,11.41,-1.95,982.18,22.12,
7104963,0.02,-0.13,1.19,-0.24,14.04,-2.38,982.27,22.13,
7105002,0.02,-0.09,1.26,0.06,14.4,-3.11,982.3,22.14,
7105040,-0.05,-0.12,1.22,-0.18,17.7,-3.11,982.14,22.14,
7105078,-0.01,-0.09,1.3,-0.06,17.21,-3.54,982.32,22.13,
7105116,0.04,-0.11,1.43,1.22,16.72,-3.72,982.25,22.14,
7105155,-0.0,-0.11,1.38,1.46,17.82,-4.21,982.05,22.13,
7105193,-0.04,-0.1,1.42,1.65,19.17,-4.21,982.13,22.14,
7105231,0.0,-0.1,1.45,2.75,16.24,-4.15,982.14,22.13,
7105281,-0.05,-0.09,1.35,2.81,14.16,-4.46,982.16,22.12,
7105319,-0.01,-0.1,1.31,2.14,14.4,-4.7,982.3,22.14,
7105358,0.02,-0.14,1.24,2.14,11.72,-4.52,982.4,22.13,
7105396,-0.05,-0.1,1.14,2.44,10.5,-4.46,982.36,22.13,
7105434,0.0,-0.11,1.24,2.69,6.71,-4.76,982.39,22.13,
7105472,-0.02,-0.09,1.16,1.65,5.55,-4.76,982.43,22.14,
7105511,-0.07,-0.15,1.19,2.32,3.42,-4.7,982.41,22.14,
7105549,-0.06,-0.14,1.11,1.34,2.81,-4.76,982.48,22.14,
7105587,0.02,-0.11,1.19,0.49,0.24,-5.25,982.39,22.14,
7105625,-0.03,-0.1,1.22,-0.24,-0.31,-4.88,982.39,22.13,
7105675,-0.06,-0.15,1.24,-0.43,-1.53,-5.13,982.41,22.12,
7105714,-0.06,-0.13,1.15,-1.46,-0.43,-5.49,982.43,22.13,
7105752,-0.04,-0.11,1.26,-1.59,-1.22,-5.37,982.66,22.13,
7105790,-0.06,-0.1,1.18,-1.77,-0.06,-5.86,982.62,22.13,
7105828,-0.08,-0.11,1.14,-1.4,0.31,-6.04,982.5,22.14,
7105867,-0.11,-0.13,1.08,-1.22,0.24,-5.74,982.63,22.14,
7105905,-0.04,-0.14,1.04,-0.67,0.73,-5.86,982.69,22.14,
7105943,-0.06,-0.11,1.02,0.0,1.46,-6.35,982.55,22.13,
7105981,-0.07,-0.14,0.88,-0.92,2.99,-6.29,982.66,22.14,
7106031,-0.12,-0.16,0.96,0.92,-0.31,-5.98,982.59,22.11,
7106070,-0.1,-0.18,0.86,0.06,0.49,-6.04,982.63,22.13,
7106108,-0.14,-0.13,0.81,-0.73,-2.32,-5.74,982.66,22.12,
7106146,-0.15,-0.13,0.92,1.1,-1.77,-5.25,982.65,22.13,
7106184,-0.09,-0.14,0.9,-1.53,-2.93,-5.07,982.63,22.14,
7106223,-0.12,-0.13,1.02,0.37,-2.75,-4.76,982.67,22.14,
7106261,-0.1,-0.19,0.92,-0.79,-1.95,-4.27,982.59,22.12,
7106299,-0.14,-0.13,0.88,-0.43,-5.25,-3.97,982.69,22.13,
7106337,-0.13,-0.1,0.85,-0.31,-6.16,-3.66,982.78,22.14,
7106387,-0.11,-0.13,0.88,-0.37,-5.92,-3.23,982.66,22.1,
7106426,-0.06,-0.12,0.91,-0.55,-5.37,-2.93,982.86,22.11,
7106464,-0.1,-0.13,0.82,-0.06,-5.92,-2.44,982.75,22.11,
7106502,-0.13,-0.11,0.84,0.24,-5.74,-2.44,982.76,22.12,
7106540,-0.14,-0.14,0.85,0.12,-6.9,-2.38,982.75,22.12,
7106579,-0.09,-0.12,0.94,0.49,-6.96,-2.08,982.84,22.13,
7106617,-0.12,-0.16,0.85,-0.31,-4.09,-1.89,982.82,22.13,
7106655,-0.07,-0.11,0.94,0.18,-4.64,-1.71,982.91,22.14,
7106693,-0.14,-0.15,0.86,0.24,-2.62,-1.4,982.9,22.13,
7106743,-0.1,-0.12,0.88,0.12,-3.36,-1.46,982.88,22.11,
7106782,-0.13,-0.13,0.86,0.06,-4.03,-1.16,982.87,22.11,
7106820,-0.08,-0.14,0.88,-0.67,-3.11,-1.1,982.88,22.11,
7106858,-0.06,-0.11,1.01,-0.92,-3.36,-1.04,982.94,22.11,
7106896,-0.13,-0.15,1.02,-1.28,-2.69,-0.73,982.86,22.13,
7106935,-0.09,-0.15,1.13,-1.28,-3.85,-0.55,982.97,22.13,
7106973,-0.08,-0.14,1.11,-1.77,-2.44,-0.79,982.97,22.12,
7107011,-0.07,-0.12,1.16,-1.95,-3.91,-0.43,982.86,22.13,
7107050,-0.12,-0.13,1.1,-2.26,-3.6,-0.24,983.0,22.13,
7107126,-0.07,-0.1,1.22,-2.56,-1.04,-0.43,983.02,22.09,
7107164,-0.12,-0.13,1.24,-2.26,-1.59,-0.61,982.94,22.09,
7107202,-0.12,-0.13,1.37,-1.53,-1.22,-0.37,982.91,22.1,
7107367,-0.11,-0.1,1.23,1.22,6.04,-0.55,983.06,22.05,
7107405,-0.12,-0.11,1.19,1.77,5.74,-0.06,983.1,22.06,
7107443,-0.07,-0.11,1.11,1.53,3.54,0.06,983.05,22.07,
7107481,-0.08,-0.1,1.07,1.1,5.98,0.24,983.08,22.07,
7107520,-0.07,-0.14,0.96,1.04,3.66,0.67,983.07,22.09,
7107558,-0.07,-0.14,1.12,1.22,-0.43,0.92,983.03,22.09,
7107596,-0.04,-0.13,0.95,0.06,-0.43,0.98,983.2,22.09,
7107646,-0.06,-0.1,1.05,-0.12,-2.2,1.4,983.14,22.09,
7107684,-0.05,-0.16,0.99,-0.18,-1.1,1.53,983.18,22.09,
7107723,-0.09,-0.12,0.93,-0.85,-2.93,1.95,983.17,22.1,
7107761,-0.04,-0.13,1.01,-0.12,-4.88,1.59,983.13,22.1,
7107799,-0.04,-0.1,0.95,-2.62,-3.66,1.83,983.32,22.1,
7107838,-0.04,-0.12,0.91,-0.79,-5.92,1.89,983.27,22.1,
7107876,-0.08,-0.15,0.98,-1.46,-6.41,1.77,983.23,22.1,
7107914,-0.04,-0.11,1.17,-0.55,-8.06,1.71,983.14,22.1,
7107952,-0.02,-0.13,1.09,-1.22,-4.88,1.95,983.15,22.11,
7108002,-0.06,-0.08,1.18,-1.28,-5.49,1.28,983.23,22.1,
7108041,-0.04,-0.08,1.26,-1.34,-3.54,1.16,983.11,22.11,
7108079,-0.06,-0.1,1.39,-1.28,-2.01,0.98,983.15,22.11,
7108117,-0.08,-0.09,1.34,0.0,1.95,0.73,983.14,22.12,
7108156,-0.05,-0.11,1.37,0.61,2.26,0.43,983.18,22.11,
7108194,-0.03,-0.09,1.38,1.46,4.09,0.31,983.16,22.11,
7108232,-0.03,-0.12,1.25,1.83,5.55,0.37,983.31,22.11,
7108270,-0.05,-0.1,1.2,2.38,3.3,0.43,983.23,22.1,
7108309,-0.06,-0.08,1.19,2.99,3.6,0.73,983.32,22.11,
7108347,-0.0,-0.15,1.04,1.4,4.21,0.79,983.37,22.13,
7108397,-0.03,-0.08,1.2,2.32,-0.12,0.79,983.28,22.11,
7108435,-0.03,-0.12,0.97,0.12,1.95,1.16,983.39,22.12,
7108473,-0.02,-0.12,1.13,0.67,-0.18,0.85,983.35,22.12,
7108512,0.0,-0.09,1.06,-1.04,0.06,0.43,983.36,22.12,
7108550,-0.03,-0.13,1.09,-1.04,-0.92,0.43,983.46,22.13,
7108588,-0.05,-0.13,1.11,-0.61,0.55,0.24,983.37,22.13,
7108627,-0.04,-0.14,1.1,-1.1,0.31,0.12,983.28,22.12,
7108665,-0.02,-0.12,1.16,-1.89,-0.67,0.18,983.26,22.12,
7108703,-0.04,-0.08,1.11,-1.77,0.06,0.12,983.23,22.12,
7108753,-0.05,-0.11,1.1,-1.4,1.71,-0.18,983.27,22.11,
7108791,-0.02,-0.13,1.06,-0.85,2.62,-0.06,983.27,22.11,
7108830,-0.04,-0.12,1.07,-0.37,2.32,-0.37,983.37,22.11,
7108868,-0.05,-0.1,1.09,0.0,2.14,-0.43,983.19,22.12,
7108906,-0.06,-0.09,1.1,0.12,2.99,-0.49,983.25,22.13,
7108944,-0.06,-0.06,1.09,0.31,3.05,-0.31,983.2,22.11,
7108983,-0.05,-0.09,1.16,1.16,1.46,-0.06,983.37,22.11,
7109021,-0.08,-0.13,1.05,1.1,4.58,-0.18,983.44,22.12,
7109059,-0.08,-0.1,1.01,2.08,3.42,-0.31,983.3,22.13,
7109097,-0.05,-0.08,1.12,2.99,2.81,-0.18,983.21,22.13,
7109148,-0.07,-0.1,0.97,2.62,1.77,0.18,983.33,22.11,
7109186,-0.05,-0.1,1.09,3.91,1.34,0.18,983.3,22.11,
7109224,-0.11,-0.15,0.92,2.81,3.42,0.37,983.35,22.13,
7109262,-0.08,-0.09,1.03,4.39,-0.67,0.43,983.31,22.13,
7109300,-0.08,-0.12,0.96,3.66,1.22,0.79,983.4,22.13,
7109339,-0.07,-0.13,0.95,3.66,0.61,1.04,983.26,22.13,
7109377,-0.09,-0.1,0.9,3.85,1.16,1.16,983.39,22.13,
7109415,-0.06,-0.11,0.95,2.81,-0.92,1.4,983.24,22.13,
7109453,-0.02,-0.11,0.86,1.95,0.18,1.77,983.35,22.13,
7109503,-0.06,-0.11,0.87,1.46,-1.89,1.77,983.31,22.13,
7109542,-0.1,-0.12,0.81,1.71,-0.31,2.01,983.42,22.13,
7109580,-0.04,-0.11,0.92,0.73,-3.54,2.01,983.27,22.13,
7109618,-0.02,-0.1,0.87,0.61,-2.87,2.2,983.31,22.13,
7109656,-0.06,-0.11,0.82,-0.43,-1.89,2.56,983.25,22.13,
7109695,-0.09,-0.12,0.98,0.92,-2.08,2.56,983.25,22.12,
7109733,-0.05,-0.11,0.83,-0.92,-0.67,2.75,983.26,22.13,
7109771,-0.04,-0.06,1.03,-0.24,-1.71,2.5,983.44,22.12,
7109809,-0.09,-0.1,0.96,0.43,0.12,2.5,983.41,22.12,
7109848,-0.05,-0.08,0.97,-0.49,0.06,2.2,983.38,22.13,
7109898,-0.06,-0.1,0.97,-0.24,1.53,2.32,983.33,22.11,
7109936,-0.02,-0.11,0.91,-0.92,2.01,2.38,983.37,22.12,
7109974,-0.01,-0.08,0.93,0.12,3.3,2.01,983.45,22.13,
7110012,-0.04,-0.09,0.93,-0.85,3.23,2.08,983.41,22.12,
7110051,-0.05,-0.1,0.99,-0.31,0.85,2.32,983.4,22.13,
7110089,-0.0,-0.1,0.94,-1.1,2.87,2.01,983.49,22.13,
7110127,-0.04,-0.09,0.99,-0.18,3.23,2.08,983.32,22.12,
7110165,-0.03,-0.09,0.98,-0.06,4.03,1.89,983.41,22.13,
7110204,-0.03,-0.07,1.07,0.12,2.14,1.71,983.33,22.12,
7110280,-0.04,-0.1,1.01,-0.18,5.19,1.59,983.29,22.1,
7110318,-0.02,-0.04,1.13,0.49,2.56,1.4,983.3,22.12,
7110356,-0.02,-0.05,1.14,0.24,3.05,1.59,983.31,22.11,
7110446,-0.05,-0.1,1.12,0.67,3.3,1.65,983.28,22.08,
7110484,-0.01,-0.07,1.11,0.43,2.2,1.59,983.45,22.1,
